Chr,from,to ,midpoint,cM,cumulative_cM
X,103613,203613,153613,0,0
X,205967,305967,255967,0,0
X,305967,405967,355967,0,0
X,405967,505967,455967,0,0
X,505967,605967,555967,0,0
X,605967,705967,655967,0,0
X,705967,805967,755967,0,0
X,805967,905967,855967,0,0
X,905967,1005967,955967,0,0
X,1005967,1105967,1055967,0,0
X,1105967,1205967,1155967,0.036,0.004
X,1205967,1305967,1255967,0.036,0.007
X,1305967,1405967,1355967,0.036,0.011
X,1405967,1505967,1455967,0,0.011
X,1505967,1605967,1555967,0.036,0.014
X,1605967,1705967,1655967,0.009,0.015
X,1705967,1805967,1755967,0,0.015
X,1805967,1905967,1855967,0.018,0.017
X,1905967,2005967,1955967,0,0.017
X,2005967,2105967,2055967,0.018,0.019
X,2105967,2205967,2155967,0,0.019
X,2205967,2305967,2255967,0.027,0.022
X,2305967,2405967,2355967,0.09,0.031
X,2405967,2505967,2455967,0.262,0.057
X,2505967,2605967,2555967,0.398,0.097
X,2605967,2705967,2655967,0.208,0.118
X,2705967,2805967,2755967,0.262,0.144
X,2805967,2905967,2855967,0.217,0.165
X,2905967,3005967,2955967,0.19,0.184
X,3005967,3105967,3055967,0.316,0.216
X,3105967,3205967,3155967,0.344,0.25
X,3205967,3305967,3255967,0.235,0.274
X,3305967,3405967,3355967,0.344,0.308
X,3405967,3505967,3455967,0.75,0.383
X,3505967,3605967,3555967,0.109,0.394
X,3605967,3705967,3655967,0.316,0.426
X,3705967,3805967,3755967,0.271,0.453
X,3805967,3905967,3855967,0.099,0.463
X,3905967,4005967,3955967,0.633,0.526
X,4005967,4105967,4055967,0.561,0.582
X,4105967,4205967,4155967,0.154,0.598
X,4205967,4305967,4255967,0.497,0.647
X,4305967,4405967,4355967,0.127,0.66
X,4405967,4505967,4455967,0.298,0.69
X,4505967,4605967,4555967,0.326,0.722
X,4605967,4705967,4655967,0.38,0.76
X,4705967,4805967,4755967,0.94,0.854
X,4805967,4905967,4855967,0.606,0.915
X,4905967,5005967,4955967,0.524,0.967
X,5005967,5105967,5055967,0.66,1.033
X,5105967,5205967,5155967,1.447,1.178
X,5205967,5305967,5255967,0.633,1.241
X,5305967,5405967,5355967,0.986,1.34
X,5405967,5505967,5455967,0.479,1.388
X,5505967,5605967,5555967,0.199,1.408
X,5605967,5705967,5655967,0.326,1.44
X,5705967,5805967,5755967,0.543,1.495
X,5805967,5905967,5855967,0.47,1.542
X,5905967,6005967,5955967,0.226,1.564
X,6005967,6105967,6055967,0.136,1.578
X,6105967,6205967,6155967,0.199,1.598
X,6205967,6305967,6255967,0.362,1.634
X,6305967,6405967,6355967,0.217,1.656
X,6405967,6505967,6455967,1.275,1.783
X,6505967,6605967,6555967,0.416,1.825
X,6605967,6705967,6655967,0.353,1.86
X,6705967,6805967,6755967,0.316,1.892
X,6805967,6905967,6855967,0.741,1.966
X,6905967,7005967,6955967,0.47,2.013
X,7005967,7105967,7055967,0.289,2.042
X,7105967,7205967,7155967,0.226,2.064
X,7205967,7305967,7255967,0.118,2.076
X,7305967,7405967,7355967,0.208,2.097
X,7405967,7505967,7455967,0.109,2.108
X,7505967,7605967,7555967,0.099,2.118
X,7605967,7705967,7655967,0.109,2.128
X,7705967,7805967,7755967,0.326,2.161
X,7805967,7905967,7855967,0.181,2.179
X,7905967,8005967,7955967,0.199,2.199
X,8005967,8105967,8055967,0.235,2.222
X,8105967,8205967,8155967,0.081,2.231
X,8205967,8305967,8255967,0.344,2.265
X,8305967,8405967,8355967,0.461,2.311
X,8405967,8505967,8455967,0.326,2.344
X,8505967,8605967,8555967,0.289,2.373
X,8605967,8705967,8655967,0.642,2.437
X,8705967,8805967,8755967,0.904,2.527
X,8805967,8905967,8855967,0.814,2.609
X,8905967,9005967,8955967,0.877,2.696
X,9005967,9105967,9055967,0.696,2.766
X,9105967,9205967,9155967,0.407,2.807
X,9205967,9305967,9255967,0.298,2.836
X,9305967,9405967,9355967,0.28,2.864
X,9405967,9505967,9455967,0.895,2.954
X,9505967,9605967,9555967,0.732,3.027
X,9605967,9705967,9655967,0.316,3.059
X,9705967,9805967,9755967,0.425,3.101
X,9805967,9905967,9855967,0.38,3.139
X,9905967,10005967,9955967,0.244,3.164
X,10005967,10105967,10055967,0.416,3.205
X,10105967,10205967,10155967,0.154,3.221
X,10205967,10305967,10255967,0.28,3.249
X,10305967,10405967,10355967,0.57,3.306
X,10405967,10505967,10455967,0.208,3.326
X,10505967,10605967,10555967,0.226,3.349
X,10605967,10705967,10655967,0.099,3.359
X,10705967,10805967,10755967,0.109,3.37
X,10805967,10905967,10855967,0.081,3.378
X,10905967,11005967,10955967,0.398,3.418
X,11005967,11105967,11055967,0.371,3.455
X,11105967,11205967,11155967,0.28,3.483
X,11205967,11305967,11255967,0.75,3.558
X,11305967,11405967,11355967,0.543,3.612
X,11405967,11505967,11455967,0.19,3.631
X,11505967,11605967,11555967,0.235,3.655
X,11605967,11705967,11655967,0.172,3.672
X,11705967,11805967,11755967,0.045,3.676
X,11805967,11905967,11855967,0.072,3.684
X,11905967,12005967,11955967,0.298,3.713
X,12005967,12105967,12055967,0.561,3.77
X,12105967,12205967,12155967,0.515,3.821
X,12205967,12305967,12255967,0.208,3.842
X,12305967,12405967,12355967,0.262,3.868
X,12405967,12505967,12455967,0.181,3.886
X,12505967,12605967,12555967,0.19,3.905
X,12605967,12705967,12655967,0.552,3.96
X,12705967,12805967,12755967,0.732,4.034
X,12805967,12905967,12855967,0.389,4.072
X,12905967,13005967,12955967,0.398,4.112
X,13005967,13105967,13055967,0.289,4.141
X,13105967,13205967,13155967,0.253,4.166
X,13205967,13305967,13255967,0.316,4.198
X,13305967,13405967,13355967,0.389,4.237
X,13405967,13505967,13455967,0.732,4.31
X,13505967,13605967,13555967,0.298,4.34
X,13605967,13705967,13655967,0.163,4.356
X,13705967,13805967,13755967,0.271,4.383
X,13805967,13905967,13855967,0.335,4.417
X,13905967,14005967,13955967,0.506,4.468
X,14005967,14105967,14055967,0.28,4.496
X,14105967,14205967,14155967,0.443,4.54
X,14205967,14305967,14255967,0.515,4.591
X,14305967,14405967,14355967,0.217,4.613
X,14405967,14505967,14455967,0.425,4.656
X,14505967,14605967,14555967,0.19,4.675
X,14605967,14705967,14655967,0.615,4.736
X,14705967,14805967,14755967,1.221,4.858
X,14805967,14905967,14855967,0.76,4.934
X,14905967,15005967,14955967,0.208,4.955
X,15005967,15105967,15055967,0.172,4.972
X,15105967,15205967,15155967,0.335,5.006
X,15205967,15305967,15255967,0.326,5.038
X,15305967,15405967,15355967,0.217,5.06
X,15405967,15505967,15455967,0.235,5.083
X,15505967,15605967,15555967,0.072,5.091
X,15605967,15705967,15655967,0.515,5.142
X,15705967,15805967,15755967,0.506,5.193
X,15805967,15905967,15855967,0.289,5.222
X,15905967,16005967,15955967,0.199,5.242
X,16005967,16105967,16055967,0.09,5.251
X,16105967,16205967,16155967,1.365,5.387
X,16205967,16305967,16255967,0.407,5.428
X,16305967,16405967,16355967,0.271,5.455
X,16405967,16505967,16455967,0.118,5.467
X,16505967,16605967,16555967,0.814,5.548
X,16605967,16705967,16655967,0.253,5.573
X,16705967,16805967,16755967,0.506,5.624
X,16805967,16905967,16855967,0.515,5.676
X,16905967,17005967,16955967,0.344,5.71
X,17005967,17105967,17055967,0.19,5.729
X,17105967,17205967,17155967,0.099,5.739
X,17205967,17305967,17255967,0.072,5.746
X,17305967,17405967,17355967,0.262,5.772
X,17405967,17505967,17455967,0.136,5.786
X,17505967,17605967,17555967,0.072,5.793
X,17605967,17705967,17655967,0.145,5.808
X,17705967,17805967,17755967,0.289,5.836
X,17805967,17905967,17855967,0.235,5.86
X,17905967,18005967,17955967,0.271,5.887
X,18005967,18105967,18055967,0.054,5.893
X,18105967,18205967,18155967,0.127,5.905
X,18205967,18305967,18255967,0.036,5.909
X,18305967,18405967,18355967,0.145,5.923
X,18405967,18505967,18455967,0.163,5.94
X,18505967,18605967,18555967,0.118,5.951
X,18605967,18705967,18655967,0.109,5.962
X,18705967,18805967,18755967,0.253,5.987
X,18805967,18905967,18855967,0.19,6.006
X,18905967,19005967,18955967,0.145,6.021
X,19005967,19105967,19055967,0.136,6.034
X,19105967,19205967,19155967,0.099,6.044
X,19205967,19305967,19255967,0.326,6.077
X,19305967,19405967,19355967,0.651,6.142
X,19405967,19505967,19455967,0.208,6.163
X,19505967,19605967,19555967,0.497,6.213
X,19605967,19705967,19655967,0.235,6.236
X,19705967,19805967,19755967,0.362,6.272
X,19805967,19905967,19855967,0.425,6.315
X,19905967,20005967,19955967,0.271,6.342
X,20005967,20105967,20055967,0.145,6.356
X,20105967,20205967,20155967,0.271,6.383
X,20228974,20328974,20278974,0.208,6.404
X,20328973,20428973,20378973,0.271,6.431
X,20428973,20528973,20478973,0.28,6.459
X,20528973,20628973,20578973,0.344,6.494
X,20628973,20728973,20678973,0.127,6.506
X,20728973,20828973,20778973,0.027,6.509
X,20828973,20928973,20878973,0.109,6.52
X,20928973,21028973,20978973,0.506,6.571
X,21028973,21128973,21078973,0.036,6.574
X,21128973,21228973,21178973,0.09,6.583
X,21228973,21328973,21278973,0.072,6.591
X,21328973,21428973,21378973,0.109,6.601
X,21428973,21528973,21478973,0.172,6.619
X,21528973,21628973,21578973,0.018,6.62
X,21628973,21728973,21678973,0,6.62
X,21728973,21828973,21778973,0.099,6.63
X,22063569,22163569,22113569,0.009,6.631
X,22398164,22498164,22448164,0.054,6.637
X,22498164,22598164,22548164,0.018,6.638
X,22598164,22698164,22648164,0.027,6.641
X,22698164,22798164,22748164,0.036,6.645
X,22798164,22898164,22848164,0.009,6.646
X,22898164,22998164,22948164,0,6.646
X,22998164,23098164,23048164,0,6.646
2L,0,100000,50000,0,0
2L,100000,200000,150000,0,0
2L,200000,300000,250000,0,0
2L,300000,400000,350000,0.023,0.002
2L,400000,500000,450000,0.023,0.005
2L,500000,600000,550000,0.199,0.025
2L,600000,700000,650000,0.141,0.039
2L,700000,800000,750000,0.106,0.049
2L,800000,900000,850000,0.235,0.073
2L,900000,1000000,950000,0.305,0.103
2L,1000000,1100000,1050000,0.34,0.137
2L,1100000,1200000,1150000,0.281,0.165
2L,1200000,1300000,1250000,0.364,0.202
2L,1300000,1400000,1350000,0.176,0.219
2L,1400000,1500000,1450000,0.07,0.226
2L,1500000,1600000,1550000,0.246,0.251
2L,1600000,1700000,1650000,0.293,0.28
2L,1700000,1800000,1750000,0.223,0.303
2L,1800000,1900000,1850000,0.176,0.32
2L,1900000,2000000,1950000,0.539,0.374
2L,2000000,2100000,2050000,0.246,0.399
2L,2100000,2200000,2150000,0.164,0.415
2L,2200000,2300000,2250000,0.364,0.452
2L,2300000,2400000,2350000,0.164,0.468
2L,2400000,2500000,2450000,0.469,0.515
2L,2500000,2600000,2550000,0.258,0.541
2L,2600000,2700000,2650000,0.258,0.566
2L,2700000,2800000,2750000,0.575,0.624
2L,2800000,2900000,2850000,0.223,0.646
2L,2900000,3000000,2950000,0.094,0.656
2L,3000000,3100000,3050000,0.106,0.666
2L,3100000,3200000,3150000,0.692,0.735
2L,3200000,3300000,3250000,0.235,0.759
2L,3300000,3400000,3350000,0.235,0.782
2L,3400000,3500000,3450000,0.504,0.833
2L,3500000,3600000,3550000,0.422,0.875
2L,3600000,3700000,3650000,0.188,0.894
2L,3700000,3800000,3750000,0.364,0.93
2L,3800000,3900000,3850000,0.751,1.005
2L,3900000,4000000,3950000,0.739,1.079
2L,4000000,4100000,4050000,0.668,1.146
2L,4100000,4200000,4150000,0.364,1.182
2L,4200000,4300000,4250000,0.727,1.255
2L,4300000,4400000,4350000,0.575,1.312
2L,4400000,4500000,4450000,0.41,1.353
2L,4500000,4600000,4550000,0.188,1.372
2L,4600000,4700000,4650000,0.176,1.39
2L,4700000,4800000,4750000,0.516,1.441
2L,4800000,4900000,4850000,0.95,1.536
2L,4900000,5000000,4950000,0.633,1.6
2L,5000000,5100000,5050000,0.551,1.655
2L,5100000,5200000,5150000,0.352,1.69
2L,5200000,5300000,5250000,0.704,1.76
2L,5300000,5400000,5350000,0.188,1.779
2L,5400000,5500000,5450000,0.317,1.811
2L,5500000,5600000,5550000,0.422,1.853
2L,5600000,5700000,5650000,0.211,1.874
2L,5700000,5800000,5750000,0.129,1.887
2L,5800000,5900000,5850000,0.152,1.902
2L,5900000,6000000,5950000,0.223,1.924
2L,6000000,6100000,6050000,0.235,1.948
2L,6100000,6200000,6150000,0.129,1.961
2L,6200000,6300000,6250000,0.457,2.007
2L,6300000,6400000,6350000,0.305,2.037
2L,6400000,6500000,6450000,0.399,2.077
2L,6500000,6600000,6550000,0.34,2.111
2L,6600000,6700000,6650000,0.375,2.148
2L,6700000,6800000,6750000,0.152,2.164
2L,6800000,6900000,6850000,0.352,2.199
2L,6900000,7000000,6950000,0.188,2.218
2L,7000000,7100000,7050000,1.02,2.32
2L,7100000,7200000,7150000,0.399,2.36
2L,7200000,7300000,7250000,0.27,2.387
2L,7300000,7400000,7350000,0.246,2.411
2L,7400000,7500000,7450000,0.164,2.428
2L,7500000,7600000,7550000,0.258,2.453
2L,7600000,7700000,7650000,0.211,2.475
2L,7700000,7800000,7750000,0.235,2.498
2L,7800000,7900000,7850000,0.152,2.513
2L,7900000,8000000,7950000,0.868,2.6
2L,8000000,8100000,8050000,0.399,2.64
2L,8100000,8200000,8150000,0.622,2.702
2L,8200000,8300000,8250000,0.328,2.735
2L,8300000,8400000,8350000,0.328,2.768
2L,8400000,8500000,8450000,0.235,2.791
2L,8500000,8600000,8550000,0.481,2.839
2L,8600000,8700000,8650000,0.34,2.873
2L,8700000,8800000,8750000,0.141,2.887
2L,8800000,8900000,8850000,0.281,2.915
2L,8900000,9000000,8950000,0.422,2.958
2L,9000000,9100000,9050000,0.152,2.973
2L,9100000,9200000,9150000,0.235,2.996
2L,9200000,9300000,9250000,0.246,3.021
2L,9300000,9400000,9350000,0.012,3.022
2L,9400000,9500000,9450000,0.235,3.046
2L,9500000,9600000,9550000,0.493,3.095
2L,9600000,9700000,9650000,0.317,3.127
2L,9700000,9800000,9750000,0.434,3.17
2L,9800000,9900000,9850000,0.539,3.224
2L,9900000,10000000,9950000,0.152,3.239
2L,10000000,10100000,10050000,0.809,3.32
2L,10100000,10200000,10150000,0.95,3.415
2L,10200000,10300000,10250000,0.657,3.481
2L,10300000,10400000,10350000,0.364,3.517
2L,10400000,10500000,10450000,0.328,3.55
2L,10500000,10600000,10550000,0.387,3.589
2L,10600000,10700000,10650000,0.281,3.617
2L,10700000,10800000,10750000,0.34,3.651
2L,10800000,10900000,10850000,0.27,3.678
2L,10900000,11000000,10950000,0.293,3.707
2L,11000000,11100000,11050000,0.399,3.747
2L,11100000,11200000,11150000,0.211,3.768
2L,11200000,11300000,11250000,0.188,3.787
2L,11300000,11400000,11350000,0.235,3.81
2L,11400000,11500000,11450000,0.117,3.822
2L,11500000,11600000,11550000,0.094,3.831
2L,11600000,11700000,11650000,0.141,3.845
2L,11700000,11800000,11750000,0.141,3.86
2L,11800000,11900000,11850000,0.199,3.879
2L,11900000,12000000,11950000,0.223,3.902
2L,12000000,12100000,12050000,0.293,3.931
2L,12100000,12200000,12150000,0.422,3.973
2L,12200000,12300000,12250000,0.762,4.05
2L,12300000,12400000,12350000,0.211,4.071
2L,12400000,12500000,12450000,0.176,4.088
2L,12500000,12600000,12550000,0.516,4.14
2L,12600000,12700000,12650000,0.751,4.215
2L,12700000,12800000,12750000,0.305,4.245
2L,12800000,12900000,12850000,0.199,4.265
2L,12900000,13000000,12950000,0.129,4.278
2L,13000000,13100000,13050000,0.293,4.308
2L,13100000,13200000,13150000,0.504,4.358
2L,13200000,13300000,13250000,0.094,4.367
2L,13300000,13400000,13350000,0.082,4.376
2L,13400000,13500000,13450000,0.188,4.394
2L,13500000,13600000,13550000,0.364,4.431
2L,13600000,13700000,13650000,0.199,4.451
2L,13700000,13800000,13750000,0.399,4.49
2L,13800000,13900000,13850000,0.223,4.513
2L,13900000,14000000,13950000,0.164,4.529
2L,14000000,14100000,14050000,0.317,4.561
2L,14100000,14200000,14150000,0.188,4.58
2L,14200000,14300000,14250000,0.199,4.6
2L,14300000,14400000,14350000,0.164,4.616
2L,14400000,14500000,14450000,0.622,4.678
2L,14500000,14600000,14550000,0.117,4.69
2L,14600000,14700000,14650000,0.375,4.727
2L,14700000,14800000,14750000,0.106,4.738
2L,14800000,14900000,14850000,0.164,4.754
2L,14900000,15000000,14950000,0.117,4.766
2L,15000000,15100000,15050000,0.117,4.778
2L,15100000,15200000,15150000,0.094,4.787
2L,15200000,15300000,15250000,0.375,4.825
2L,15300000,15400000,15350000,0.164,4.841
2L,15400000,15500000,15450000,0.152,4.856
2L,15500000,15600000,15550000,0.059,4.862
2L,15600000,15700000,15650000,0.211,4.883
2L,15700000,15800000,15750000,0.106,4.894
2L,15800000,15900000,15850000,0.023,4.896
2L,15900000,16000000,15950000,0.082,4.904
2L,16000000,16100000,16050000,0.047,4.909
2L,16100000,16200000,16150000,0.07,4.916
2L,16200000,16300000,16250000,0.152,4.931
2L,16300000,16400000,16350000,0.352,4.967
2L,16400000,16500000,16450000,0.399,5.006
2L,16500000,16600000,16550000,0.387,5.045
2L,16600000,16700000,16650000,0.281,5.073
2L,16700000,16800000,16750000,0.422,5.116
2L,16800000,16900000,16850000,0.164,5.132
2L,16900000,17000000,16950000,0.563,5.188
2L,17000000,17100000,17050000,0.199,5.208
2L,17100000,17200000,17150000,0.152,5.223
2L,17200000,17300000,17250000,0.235,5.247
2L,17300000,17400000,17350000,0.117,5.259
2L,17400000,17500000,17450000,0.164,5.275
2L,17500000,17600000,17550000,0.012,5.276
2L,17600000,17700000,17650000,0.012,5.277
2L,17700000,17800000,17750000,0.047,5.282
2L,17800000,17900000,17850000,0.047,5.287
2L,17900000,18000000,17950000,0.199,5.307
2L,18000000,18100000,18050000,0.094,5.316
2L,18100000,18200000,18150000,0.07,5.323
2L,18200000,18300000,18250000,0.047,5.328
2L,18300000,18400000,18350000,0.035,5.331
2L,18400000,18500000,18450000,0.023,5.334
2L,18500000,18600000,18550000,0.023,5.336
2L,18600000,18700000,18650000,0.023,5.338
2L,18700000,18800000,18750000,0.023,5.341
2L,18800000,18900000,18850000,0.141,5.355
2L,18900000,19000000,18950000,0.012,5.356
2L,19000000,19100000,19050000,0.012,5.357
2L,19100000,19200000,19150000,0.047,5.362
2L,19200000,19300000,19250000,0.047,5.367
2L,19300000,19400000,19350000,0,5.367
2L,19400000,19500000,19450000,0.035,5.37
2L,19500000,19600000,19550000,0.012,5.371
2L,19600000,19700000,19650000,0.023,5.374
2L,19700000,19800000,19750000,0.012,5.375
2L,19800000,19900000,19850000,0.117,5.386
2L,19900000,20000000,19950000,0.023,5.389
2L,20000000,20100000,20050000,0.059,5.395
2L,20100000,20200000,20150000,0.012,5.396
2L,20200000,20300000,20250000,0.023,5.398
2L,20300000,20400000,20350000,0,5.398
2L,20400000,20500000,20450000,0.023,5.401
2L,20500000,20600000,20550000,0.07,5.408
2L,20600000,20700000,20650000,0.035,5.411
2L,20700000,20800000,20750000,0.023,5.413
2L,20800000,20900000,20850000,0,5.413
2L,20900000,21000000,20950000,0.235,5.437
2L,21000000,21100000,21050000,0.117,5.449
2L,21100000,21200000,21150000,0.035,5.452
2L,21200000,21300000,21250000,0.012,5.453
2L,21300000,21400000,21350000,0.012,5.454
2L,21400000,21500000,21450000,0,5.454
2L,21500000,21600000,21550000,0.035,5.458
2L,21600000,21700000,21650000,0,5.458
2L,21700000,21800000,21750000,0,5.458
2L,21800000,21900000,21850000,0,5.458
2L,21900000,22000000,21950000,0,5.458
2L,22000000,22100000,22050000,0.012,5.459
2L,22100000,22200000,22150000,0,5.459
2L,22200000,22300000,22250000,0.281,5.487
2L,22300000,22400000,22350000,0.387,5.526
2L,22507268,22607268,22557268,0.035,5.53
2L,22607268,22707268,22657268,0.012,5.531
2L,22707268,22807268,22757268,0,5.531
2L,22807268,22907268,22857268,0,5.531
2L,22907268,23007268,22957268,0.023,5.533
2L,23007268,23107268,23057268,0,5.533
2L,23107268,23207268,23157268,0,5.533
2R,4112495,4212495,4162495,0,0
2R,4212495,4312495,4262495,0,0
2R,4312495,4412495,4362495,0,0
2R,4412495,4512495,4462495,0,0
2R,4512495,4612495,4562495,0,0
2R,4612495,4712495,4662495,0,0
2R,4712495,4812495,4762495,0,0
2R,4812495,4912495,4862495,0.011,0.001
2R,4912495,5012495,4962495,0.119,0.013
2R,5012495,5112495,5062495,0.022,0.015
2R,5112495,5212495,5162495,0.054,0.021
2R,5212495,5312495,5262495,0,0.021
2R,5312495,5412495,5362495,0,0.021
2R,5412495,5512495,5462495,0,0.021
2R,5512495,5612495,5562495,0.043,0.025
2R,5612495,5712495,5662495,0.119,0.037
2R,5712495,5812495,5762495,0.022,0.039
2R,5812495,5912495,5862495,0.022,0.041
2R,5912495,6012495,5962495,0,0.041
2R,6012495,6112495,6062495,0.033,0.044
2R,6112495,6212495,6162495,0.054,0.05
2R,6212495,6312495,6262495,0,0.05
2R,6312495,6412495,6362495,0.022,0.052
2R,6412495,6512495,6462495,0,0.052
2R,6512495,6612495,6562495,0.098,0.062
2R,6612495,6712495,6662495,0.054,0.067
2R,6712495,6812495,6762495,0.054,0.073
2R,6812495,6912495,6862495,0.011,0.074
2R,6912495,7012495,6962495,0.011,0.075
2R,7012495,7112495,7062495,0.184,0.093
2R,7112495,7212495,7162495,0.043,0.098
2R,7212495,7312495,7262495,0.022,0.1
2R,7312495,7412495,7362495,0.076,0.107
2R,7412495,7512495,7462495,0.239,0.131
2R,7512495,7612495,7562495,0.054,0.137
2R,7612495,7712495,7662495,0.228,0.159
2R,7712495,7812495,7762495,0.033,0.163
2R,7812495,7912495,7862495,0.228,0.185
2R,7912495,8012495,7962495,0.054,0.191
2R,8012495,8112495,8062495,0.043,0.195
2R,8112495,8212495,8162495,0.141,0.209
2R,8212495,8312495,8262495,0.022,0.212
2R,8312495,8412495,8362495,0.087,0.22
2R,8412495,8512495,8462495,0.022,0.222
2R,8512495,8612495,8562495,0.13,0.235
2R,8612495,8712495,8662495,0.108,0.246
2R,8712495,8812495,8762495,0.033,0.249
2R,8812495,8912495,8862495,0.054,0.255
2R,8912495,9012495,8962495,0.13,0.268
2R,9012495,9112495,9062495,0.141,0.282
2R,9112495,9212495,9162495,0.087,0.291
2R,9212495,9312495,9262495,0.065,0.297
2R,9312495,9412495,9362495,0.249,0.322
2R,9412495,9512495,9462495,0.553,0.377
2R,9512495,9612495,9562495,0.26,0.403
2R,9612495,9712495,9662495,0.119,0.415
2R,9712495,9812495,9762495,0.39,0.454
2R,9812495,9912495,9862495,0.108,0.465
2R,9912495,10012495,9962495,0.076,0.473
2R,10012495,10112495,10062495,0.174,0.49
2R,10112495,10212495,10162495,0.098,0.5
2R,10212495,10312495,10262495,0.325,0.533
2R,10312495,10412495,10362495,0.228,0.555
2R,10412495,10512495,10462495,0.195,0.575
2R,10512495,10612495,10562495,0.249,0.6
2R,10612495,10712495,10662495,0.217,0.621
2R,10712495,10812495,10762495,0.325,0.654
2R,10812495,10912495,10862495,0.434,0.697
2R,10912495,11012495,10962495,0.315,0.729
2R,11012495,11112495,11062495,0.803,0.809
2R,11112495,11212495,11162495,0.412,0.85
2R,11212495,11312495,11262495,0.271,0.877
2R,11312495,11412495,11362495,0.141,0.892
2R,11412495,11512495,11462495,0.249,0.917
2R,11512495,11612495,11562495,0.39,0.956
2R,11612495,11712495,11662495,0.77,1.033
2R,11712495,11812495,11762495,0.206,1.053
2R,11812495,11912495,11862495,0.13,1.066
2R,11912495,12012495,11962495,0.293,1.095
2R,12012495,12112495,12062495,0.824,1.178
2R,12112495,12212495,12162495,0.26,1.204
2R,12212495,12312495,12262495,0.586,1.263
2R,12312495,12412495,12362495,0.336,1.296
2R,12412495,12512495,12462495,0.336,1.33
2R,12512495,12612495,12562495,0.39,1.369
2R,12612495,12712495,12662495,0.683,1.437
2R,12712495,12812495,12762495,0.846,1.522
2R,12812495,12912495,12862495,0.152,1.537
2R,12912495,13012495,12962495,0.575,1.594
2R,13012495,13112495,13062495,0.239,1.618
2R,13112495,13212495,13162495,0.108,1.629
2R,13212495,13312495,13262495,0.239,1.653
2R,13312495,13412495,13362495,0.239,1.677
2R,13412495,13512495,13462495,0.174,1.694
2R,13512495,13612495,13562495,0.228,1.717
2R,13612495,13712495,13662495,0.282,1.745
2R,13712495,13812495,13762495,0.108,1.756
2R,13812495,13912495,13862495,0.358,1.792
2R,13912495,14012495,13962495,0.217,1.814
2R,14012495,14112495,14062495,0.672,1.881
2R,14112495,14212495,14162495,0.369,1.918
2R,14212495,14312495,14262495,0.423,1.96
2R,14312495,14412495,14362495,0.521,2.012
2R,14412495,14512495,14462495,0.174,2.029
2R,14512495,14612495,14562495,0.336,2.063
2R,14612495,14712495,14662495,0.249,2.088
2R,14712495,14812495,14762495,0.195,2.107
2R,14812495,14912495,14862495,0.141,2.122
2R,14912495,15012495,14962495,0.434,2.165
2R,15012495,15112495,15062495,0.607,2.226
2R,15112495,15212495,15162495,0.108,2.237
2R,15212495,15312495,15262495,0.13,2.25
2R,15312495,15412495,15362495,0.336,2.283
2R,15412495,15512495,15462495,0.13,2.296
2R,15512495,15612495,15562495,0.445,2.341
2R,15612495,15712495,15662495,0.293,2.37
2R,15712495,15812495,15762495,0.412,2.411
2R,15812495,15912495,15862495,0.217,2.433
2R,15912495,16012495,15962495,0.39,2.472
2R,16012495,16112495,16062495,0.358,2.508
2R,16112495,16212495,16162495,0.672,2.575
2R,16212495,16312495,16262495,0.813,2.656
2R,16312495,16412495,16362495,0.315,2.688
2R,16412495,16512495,16462495,0.445,2.732
2R,16512495,16612495,16562495,0.456,2.778
2R,16612495,16712495,16662495,0.813,2.859
2R,16712495,16812495,16762495,0.358,2.895
2R,16812495,16912495,16862495,0.206,2.916
2R,16912495,17012495,16962495,0.293,2.945
2R,17012495,17112495,17062495,0.163,2.961
2R,17112495,17212495,17162495,0.293,2.99
2R,17212495,17312495,17262495,0.174,3.008
2R,17312495,17412495,17362495,0.499,3.058
2R,17412495,17512495,17462495,0.282,3.086
2R,17512495,17612495,17562495,0.054,3.091
2R,17612495,17712495,17662495,0.304,3.122
2R,17712495,17812495,17762495,0.239,3.145
2R,17812495,17912495,17862495,0.401,3.186
2R,17912495,18012495,17962495,0.781,3.264
2R,18012495,18112495,18062495,0.445,3.308
2R,18112495,18212495,18162495,0.315,3.34
2R,18212495,18312495,18262495,0.564,3.396
2R,18312495,18412495,18362495,0.315,3.427
2R,18412495,18512495,18462495,0.325,3.46
2R,18512495,18612495,18562495,0.315,3.491
2R,18612495,18712495,18662495,0.727,3.564
2R,18712495,18812495,18762495,0.369,3.601
2R,18812495,18912495,18862495,0.889,3.69
2R,18912495,19012495,18962495,0.358,3.726
2R,19012495,19112495,19062495,0.412,3.767
2R,19112495,19212495,19162495,0.564,3.823
2R,19212495,19312495,19262495,0.488,3.872
2R,19312495,19412495,19362495,0.423,3.914
2R,19412495,19512495,19462495,0.228,3.937
2R,19512495,19612495,19562495,0.195,3.957
2R,19612495,19712495,19662495,0.13,3.97
2R,19712495,19812495,19762495,0.043,3.974
2R,19812495,19912495,19862495,0.163,3.99
2R,19912495,20012495,19962495,0.174,4.008
2R,20012495,20112495,20062495,0.022,4.01
2R,20112495,20212495,20162495,0.304,4.04
2R,20212495,20312495,20262495,0.456,4.086
2R,20312495,20412495,20362495,0.531,4.139
2R,20412495,20512495,20462495,0.336,4.173
2R,20512495,20612495,20562495,0.38,4.211
2R,20612495,20712495,20662495,0.672,4.278
2R,20712495,20812495,20762495,0.358,4.314
2R,20812495,20912495,20862495,0.271,4.341
2R,20912495,21012495,20962495,0.716,4.412
2R,21012495,21112495,21062495,0.26,4.438
2R,21112495,21212495,21162495,0.542,4.493
2R,21212495,21312495,21262495,0.748,4.567
2R,21312495,21412495,21362495,0.26,4.593
2R,21412495,21512495,21462495,0.249,4.618
2R,21512495,21612495,21562495,0.607,4.679
2R,21612495,21712495,21662495,0.51,4.73
2R,21712495,21812495,21762495,0.26,4.756
2R,21812495,21912495,21862495,0.249,4.781
2R,21912495,22012495,21962495,0.174,4.798
2R,22012495,22112495,22062495,0.271,4.826
2R,22112495,22212495,22162495,0.217,4.847
2R,22212495,22312495,22262495,0.249,4.872
2R,22312495,22412495,22362495,0.098,4.882
2R,22412495,22512495,22462495,0.835,4.965
2R,22512495,22612495,22562495,0.315,4.997
2R,22612495,22712495,22662495,0.163,5.013
2R,22712495,22812495,22762495,0.228,5.036
2R,22812477,22912477,22862477,0.315,5.067
2R,22912477,23012477,22962477,0.249,5.092
2R,23012477,23112477,23062477,0.315,5.124
2R,23112477,23212477,23162477,0.239,5.148
2R,23212477,23312477,23262477,0.141,5.162
2R,23312477,23412477,23362477,0.087,5.17
2R,23412477,23512477,23462477,0.748,5.245
2R,23512477,23612477,23562477,0.64,5.309
2R,23612477,23712477,23662477,0.38,5.347
2R,23712477,23812477,23762477,0.586,5.406
2R,23812477,23912477,23862477,0.184,5.424
2R,23912477,24012477,23962477,0.217,5.446
2R,24012477,24112477,24062477,0.152,5.461
2R,24112477,24212477,24162477,0.174,5.479
2R,24212477,24312477,24262477,0.347,5.513
2R,24312477,24412477,24362477,0.13,5.526
2R,24412477,24512477,24462477,0.239,5.55
2R,24512477,24612477,24562477,0.13,5.563
2R,24612477,24712477,24662477,0.239,5.587
2R,24712477,24812477,24762477,0.184,5.605
2R,24812477,24912477,24862477,0.358,5.641
2R,24912477,25012477,24962477,0.022,5.643
2R,25012477,25112477,25062477,0.011,5.644
2R,25112477,25212477,25162477,0,5.644
2R,25212477,25312477,25262477,0,5.644
3L,0,100000,50000,0,0
3L,100000,200000,150000,0,0
3L,200000,300000,250000,0.021,0.002
3L,300000,400000,350000,0.09,0.011
3L,400000,500000,450000,0.042,0.015
3L,500000,600000,550000,0.042,0.019
3L,600000,700000,650000,0.132,0.033
3L,700000,800000,750000,0.242,0.057
3L,800000,900000,850000,0.145,0.071
3L,900000,1000000,950000,0.132,0.084
3L,1000000,1100000,1050000,0.27,0.111
3L,1100000,1200000,1150000,0.228,0.134
3L,1200000,1300000,1250000,0.166,0.151
3L,1300000,1400000,1350000,0.152,0.166
3L,1400000,1500000,1450000,0.367,0.203
3L,1500000,1600000,1550000,0.353,0.238
3L,1600000,1700000,1650000,0.166,0.255
3L,1700000,1800000,1750000,0.138,0.269
3L,1800000,1900000,1850000,0.318,0.3
3L,1900000,2000000,1950000,0.395,0.34
3L,2000000,2100000,2050000,0.145,0.354
3L,2100000,2200000,2150000,0.485,0.403
3L,2200000,2300000,2250000,0.201,0.423
3L,2300000,2400000,2350000,0.208,0.444
3L,2400000,2500000,2450000,0.125,0.456
3L,2500000,2600000,2550000,0.443,0.501
3L,2600000,2700000,2650000,0.277,0.528
3L,2700000,2800000,2750000,0.547,0.583
3L,2800000,2900000,2850000,0.097,0.593
3L,2900000,3000000,2950000,0.201,0.613
3L,3000000,3100000,3050000,0.118,0.624
3L,3100000,3200000,3150000,0.132,0.638
3L,3200000,3300000,3250000,0.208,0.658
3L,3300000,3400000,3350000,0.125,0.671
3L,3400000,3500000,3450000,0.222,0.693
3L,3500000,3600000,3550000,0.145,0.707
3L,3600000,3700000,3650000,0.111,0.719
3L,3700000,3800000,3750000,0.408,0.759
3L,3800000,3900000,3850000,0.45,0.804
3L,3900000,4000000,3950000,0.36,0.84
3L,4000000,4100000,4050000,0.242,0.865
3L,4100000,4200000,4150000,0.284,0.893
3L,4200000,4300000,4250000,0.228,0.916
3L,4300000,4400000,4350000,0.353,0.951
3L,4400000,4500000,4450000,0.222,0.973
3L,4500000,4600000,4550000,0.408,1.014
3L,4600000,4700000,4650000,0.658,1.08
3L,4700000,4800000,4750000,0.222,1.102
3L,4800000,4900000,4850000,0.215,1.124
3L,4900000,5000000,4950000,0.312,1.155
3L,5000000,5100000,5050000,0.505,1.205
3L,5106900,5206900,5156900,0.152,1.22
3L,5206900,5306900,5256900,0.512,1.272
3L,5306900,5406900,5356900,0.263,1.298
3L,5406900,5506900,5456900,0.173,1.315
3L,5506900,5606900,5556900,0.187,1.334
3L,5606900,5706900,5656900,0.18,1.352
3L,5706900,5806900,5756900,0.235,1.376
3L,5806900,5906900,5856900,0.277,1.403
3L,5906900,6006900,5956900,0.145,1.418
3L,6006900,6106900,6056900,0.09,1.427
3L,6106900,6206900,6156900,0.132,1.44
3L,6206900,6306900,6256900,0.09,1.449
3L,6306900,6406900,6356900,0.215,1.47
3L,6406900,6506900,6456900,0.104,1.481
3L,6506900,6606900,6556900,0.318,1.513
3L,6606900,6706900,6656900,0.069,1.52
3L,6706900,6806900,6756900,0.138,1.533
3L,6806900,6906900,6856900,0.166,1.55
3L,6906900,7006900,6956900,0.312,1.581
3L,7006900,7106900,7056900,0.263,1.607
3L,7106900,7206900,7156900,0.512,1.659
3L,7206900,7306900,7256900,0.332,1.692
3L,7306900,7406900,7356900,0.194,1.711
3L,7406900,7506900,7456900,0.312,1.742
3L,7506900,7606900,7556900,0.201,1.762
3L,7606900,7706900,7656900,0.111,1.774
3L,7706900,7806900,7756900,0.083,1.782
3L,7806900,7906900,7856900,0.325,1.814
3L,7906900,8006900,7956900,0.27,1.841
3L,8006900,8106900,8056900,0.443,1.886
3L,8106900,8206900,8156900,0.187,1.904
3L,8206900,8306900,8256900,0.194,1.924
3L,8306900,8406900,8356900,0.222,1.946
3L,8406900,8506900,8456900,0.263,1.972
3L,8506900,8606900,8556900,0.388,2.011
3L,8606900,8706900,8656900,0.367,2.048
3L,8706900,8806900,8756900,0.388,2.086
3L,8806900,8906900,8856900,0.263,2.113
3L,8906900,9006900,8956900,0.145,2.127
3L,9006900,9106900,9056900,0.111,2.138
3L,9106900,9206900,9156900,0.505,2.189
3L,9206900,9306900,9256900,0.782,2.267
3L,9306900,9406900,9356900,0.291,2.296
3L,9406900,9506900,9456900,0.069,2.303
3L,9506900,9606900,9556900,0.367,2.34
3L,9606900,9706900,9656900,0.318,2.372
3L,9706900,9806900,9756900,0.339,2.406
3L,9806900,9906900,9856900,0.111,2.417
3L,9906900,10006900,9956900,0.256,2.442
3L,10006900,10106900,10056900,0.104,2.453
3L,10106900,10206900,10156900,0.291,2.482
3L,10206900,10306900,10256900,0.118,2.494
3L,10306900,10406900,10356900,0.208,2.514
3L,10406900,10506900,10456900,0.526,2.567
3L,10506900,10606900,10556900,0.755,2.642
3L,10606900,10706900,10656900,0.346,2.677
3L,10706900,10806900,10756900,0.395,2.716
3L,10806900,10906900,10856900,0.353,2.752
3L,10906900,11006900,10956900,0.429,2.795
3L,11006900,11106900,11056900,0.422,2.837
3L,11106900,11206900,11156900,0.312,2.868
3L,11206900,11306900,11256900,0.408,2.909
3L,11306900,11406900,11356900,0.305,2.939
3L,11406900,11506900,11456900,0.318,2.971
3L,11506900,11606900,11556900,0.277,2.999
3L,11606900,11706900,11656900,0.062,3.005
3L,11706900,11806900,11756900,0.042,3.009
3L,11806900,11906900,11856900,0.166,3.026
3L,11906900,12006900,11956900,0.187,3.045
3L,12006900,12106900,12056900,0.346,3.079
3L,12106900,12206900,12156900,0.145,3.094
3L,12206900,12306900,12256900,0.159,3.11
3L,12306900,12406900,12356900,0.222,3.132
3L,12406900,12506900,12456900,0.595,3.191
3L,12506900,12606900,12556900,0.651,3.256
3L,12606900,12706900,12656900,0.422,3.299
3L,12706900,12806900,12756900,0.222,3.321
3L,12806900,12906900,12856900,0.339,3.355
3L,12906900,13006900,12956900,0.263,3.381
3L,13006900,13106900,13056900,0.187,3.4
3L,13106900,13206900,13156900,0.222,3.422
3L,13206900,13306900,13256900,0.187,3.441
3L,13306900,13406900,13356900,0.152,3.456
3L,13406900,13506900,13456900,0.132,3.469
3L,13506900,13606900,13556900,0.145,3.483
3L,13606900,13706900,13656900,0.048,3.488
3L,13706900,13806900,13756900,0.069,3.495
3L,13806900,13906900,13856900,0.125,3.508
3L,13906900,14006900,13956900,0.325,3.54
3L,14006900,14106900,14056900,0.194,3.56
3L,14106900,14206900,14156900,0.097,3.569
3L,14206900,14306900,14256900,0.228,3.592
3L,14306900,14406900,14356900,0.138,3.606
3L,14406900,14506900,14456900,0.09,3.615
3L,14506900,14606900,14556900,0.111,3.626
3L,14606900,14706900,14656900,0.035,3.63
3L,14706900,14806900,14756900,0.048,3.634
3L,14806900,14906900,14856900,0.076,3.642
3L,14906900,15006900,14956900,0.035,3.645
3L,15006900,15106900,15056900,0.076,3.653
3L,15106900,15206900,15156900,0.104,3.663
3L,15206900,15306900,15256900,0.159,3.679
3L,15306900,15406900,15356900,0.145,3.694
3L,15406900,15506900,15456900,0.166,3.711
3L,15506900,15606900,15556900,0.125,3.723
3L,15606900,15706900,15656900,0.152,3.738
3L,15706900,15806900,15756900,0.367,3.775
3L,15806900,15906900,15856900,0.076,3.783
3L,15906900,16006900,15956900,0.249,3.807
3L,16006900,16106900,16056900,0.118,3.819
3L,16106900,16206900,16156900,0.235,3.843
3L,16206900,16306900,16256900,0.055,3.848
3L,16306900,16406900,16356900,0.152,3.863
3L,16406900,16506900,16456900,0.332,3.897
3L,16506900,16606900,16556900,0.215,3.918
3L,16606900,16706900,16656900,0.09,3.927
3L,16706900,16806900,16756900,0.118,3.939
3L,16806900,16906900,16856900,0.145,3.953
3L,16906900,17006900,16956900,0.076,3.961
3L,17006900,17106900,17056900,0.145,3.976
3L,17106900,17206900,17156900,0.36,4.012
3L,17206900,17306900,17256900,0.332,4.045
3L,17306900,17406900,17356900,0.187,4.064
3L,17406900,17506900,17456900,0.159,4.079
3L,17506900,17606900,17556900,0.215,4.101
3L,17606900,17706900,17656900,0.132,4.114
3L,17706900,17806900,17756900,0.028,4.117
3L,17806900,17906900,17856900,0.014,4.118
3L,17906900,18006900,17956900,0.132,4.131
3L,18006900,18106900,18056900,0.069,4.138
3L,18106900,18206900,18156900,0.18,4.156
3L,18206900,18306900,18256900,0.083,4.165
3L,18306900,18406900,18356900,0.007,4.165
3L,18406900,18506900,18456900,0.014,4.167
3L,18506900,18606900,18556900,0.132,4.18
3L,18606900,18706900,18656900,0.048,4.185
3L,18706900,18806900,18756900,0.069,4.192
3L,18806900,18906900,18856900,0.104,4.202
3L,18906900,19006900,18956900,0.215,4.223
3L,19006900,19106900,19056900,0.09,4.232
3L,19106900,19206900,19156900,0.083,4.241
3L,19206900,19306900,19256900,0.069,4.248
3L,19306900,19406900,19356900,0.048,4.253
3L,19406900,19506900,19456900,0.277,4.28
3L,19506900,19606900,19556900,0.042,4.284
3L,19606900,19706900,19656900,0.235,4.308
3L,19706900,19806900,19756900,0.042,4.312
3L,19806900,19906900,19856900,0.042,4.316
3L,19906900,20006900,19956900,0.298,4.346
3L,20006900,20106900,20056900,0.021,4.348
3L,20106900,20206900,20156900,0.014,4.349
3L,20206900,20306900,20256900,0,4.349
3L,20306900,20406900,20356900,0.138,4.363
3L,20406900,20506900,20456900,0.014,4.365
3L,20506900,20606900,20556900,0.042,4.369
3L,20606900,20706900,20656900,0.035,4.372
3L,20706900,20806900,20756900,0,4.372
3L,20806900,20906900,20856900,0.021,4.374
3L,20906900,21006900,20956900,0.014,4.376
3L,21006900,21106900,21056900,0.028,4.379
3L,21106900,21206900,21156900,0.007,4.379
3L,21206900,21306900,21256900,0.007,4.38
3L,21306900,21406900,21356900,0.014,4.381
3L,21406900,21506900,21456900,0.007,4.382
3L,21506900,21606900,21556900,0,4.382
3L,21606900,21706900,21656900,0.035,4.385
3L,21706900,21806900,21756900,0.118,4.397
3L,21806900,21906900,21856900,0,4.397
3L,21906900,22006900,21956900,0.014,4.399
3L,22006900,22106900,22056900,0,4.399
3L,22106900,22206900,22156900,0,4.399
3L,22206900,22306900,22256900,0,4.399
3L,22306900,22406900,22356900,0.014,4.4
3L,22406900,22506900,22456900,0.007,4.401
3L,22506900,22606900,22556900,0,4.401
3L,22606900,22706900,22656900,0,4.401
3L,22706900,22806900,22756900,0,4.401
3L,22806900,22906900,22856900,0.007,4.401
3L,22906900,23006900,22956900,0.028,4.404
3L,23006900,23106900,23056900,0,4.404
3L,23106900,23206900,23156900,0.007,4.405
3L,23206900,23306900,23256900,0,4.405
3L,23306900,23406900,23356900,0,4.405
3L,23406900,23506900,23456900,0,4.405
3L,23506900,23606900,23556900,0.007,4.406
3L,23606900,23706900,23656900,0,4.406
3L,23706900,23806900,23756900,0.007,4.406
3L,23806900,23906900,23856900,0.014,4.408
3L,23906900,24006900,23956900,0,4.408
3L,24006900,24106900,24056900,0.007,4.408
3L,24106900,24206900,24156900,0,4.408
3L,24206900,24306900,24256900,0,4.408
3L,24306900,24406900,24356900,0,4.408
3L,24406900,24506900,24456900,0,4.408
3L,24506900,24606900,24556900,0,4.408
3R,4174278,4274278,4224278,0,0
3R,4274278,4374278,4324278,0,0
3R,4374278,4474278,4424278,0,0
3R,4474278,4574278,4524278,0,0
3R,4574278,4674278,4624278,0,0
3R,4674278,4774278,4724278,0,0
3R,4774278,4874278,4824278,0,0
3R,4874278,4974278,4924278,0.011,0.001
3R,4974278,5074278,5024278,0,0.001
3R,5074278,5174278,5124278,0,0.001
3R,5174278,5274278,5224278,0,0.001
3R,5274278,5374278,5324278,0,0.001
3R,5374278,5474278,5424278,0,0.001
3R,5474278,5574278,5524278,0,0.001
3R,5574278,5674278,5624278,0,0.001
3R,5674278,5774278,5724278,0,0.001
3R,5774278,5874278,5824278,0,0.001
3R,5874278,5974278,5924278,0.011,0.002
3R,5974278,6074278,6024278,0,0.002
3R,6074278,6174278,6124278,0.011,0.003
3R,6174278,6274278,6224278,0,0.003
3R,6274278,6374278,6324278,0.022,0.005
3R,6374278,6474278,6424278,0,0.005
3R,6474278,6574278,6524278,0,0.005
3R,6574278,6674278,6624278,0.033,0.009
3R,6674278,6774278,6724278,0,0.009
3R,6774278,6874278,6824278,0,0.009
3R,6874278,6974278,6924278,0.033,0.012
3R,6974278,7074278,7024278,0.022,0.014
3R,7074278,7174278,7124278,0.011,0.015
3R,7174278,7274278,7224278,0,0.015
3R,7274278,7374278,7324278,0,0.015
3R,7374278,7474278,7424278,0.033,0.018
3R,7474278,7574278,7524278,0.065,0.025
3R,7574278,7674278,7624278,0.022,0.027
3R,7674278,7774278,7724278,0.011,0.028
3R,7774278,7874278,7824278,0.109,0.039
3R,7874278,7974278,7924278,0.076,0.047
3R,7974278,8074278,8024278,0.196,0.066
3R,8074278,8174278,8124278,0.011,0.067
3R,8174278,8274278,8224278,0.076,0.075
3R,8274278,8374278,8324278,0.098,0.085
3R,8374278,8474278,8424278,0.185,0.103
3R,8474278,8574278,8524278,0.272,0.131
3R,8574278,8674278,8624278,0.054,0.136
3R,8674278,8774278,8724278,0,0.136
3R,8774278,8874278,8824278,0.033,0.139
3R,8874278,8974278,8924278,0.109,0.15
3R,8974278,9074278,9024278,0.218,0.172
3R,9074278,9174278,9124278,0.033,0.175
3R,9174278,9274278,9224278,0.131,0.188
3R,9274278,9374278,9324278,0.098,0.198
3R,9374278,9474278,9424278,0.022,0.2
3R,9474278,9574278,9524278,0,0.2
3R,9574278,9674278,9624278,0.076,0.208
3R,9674278,9774278,9724278,0.044,0.212
3R,9774278,9874278,9824278,0.087,0.221
3R,9874278,9974278,9924278,0.131,0.234
3R,9974278,10074278,10024278,0.141,0.248
3R,10074278,10174278,10124278,0.033,0.251
3R,10174278,10274278,10224278,0.022,0.254
3R,10274278,10374278,10324278,0.011,0.255
3R,10374278,10474278,10424278,0.054,0.26
3R,10474278,10574278,10524278,0.054,0.266
3R,10574278,10674278,10624278,0.12,0.277
3R,10674278,10774278,10724278,0.098,0.287
3R,10774278,10874278,10824278,0.098,0.297
3R,10874278,10974278,10924278,0.109,0.308
3R,10974278,11074278,11024278,0.098,0.318
3R,11074278,11174278,11124278,0.381,0.356
3R,11174278,11274278,11224278,0.087,0.365
3R,11274278,11374278,11324278,0.283,0.393
3R,11374278,11474278,11424278,0.185,0.411
3R,11474278,11574278,11524278,0.272,0.439
3R,11574278,11674278,11624278,0.12,0.45
3R,11674278,11774278,11724278,0.131,0.464
3R,11774278,11874278,11824278,0.109,0.474
3R,11874278,11974278,11924278,0.076,0.482
3R,11974278,12074278,12024278,0.065,0.489
3R,12074278,12174278,12124278,0.174,0.506
3R,12174278,12274278,12224278,0.131,0.519
3R,12274278,12374278,12324278,0.174,0.536
3R,12374278,12474278,12424278,0.065,0.543
3R,12474278,12574278,12524278,0.033,0.546
3R,12574278,12674278,12624278,0.25,0.571
3R,12674278,12774278,12724278,0.163,0.588
3R,12774278,12874278,12824278,0.044,0.592
3R,12874278,12974278,12924278,0.131,0.605
3R,12974278,13074278,13024278,0.163,0.621
3R,13074278,13174278,13124278,0.305,0.652
3R,13174278,13274278,13224278,0.087,0.66
3R,13274278,13374278,13324278,0.033,0.664
3R,13374278,13474278,13424278,0.076,0.671
3R,13474278,13574278,13524278,0.087,0.68
3R,13574278,13674278,13624278,0.054,0.686
3R,13674278,13774278,13724278,0.087,0.694
3R,13774278,13874278,13824278,0.185,0.713
3R,13874278,13974278,13924278,0.305,0.743
3R,13974278,14074278,14024278,0.751,0.818
3R,14074278,14174278,14124278,0.326,0.851
3R,14174278,14274278,14224278,0.196,0.871
3R,14274278,14374278,14324278,0.163,0.887
3R,14374278,14474278,14424278,0.805,0.967
3R,14474278,14574278,14524278,0.196,0.987
3R,14574278,14674278,14624278,0.163,1.003
3R,14674278,14774278,14724278,0.326,1.036
3R,14774278,14874278,14824278,0.087,1.045
3R,14874278,14974278,14924278,0.196,1.064
3R,14974278,15074278,15024278,0.392,1.103
3R,15074278,15174278,15124278,0.403,1.144
3R,15174278,15274278,15224278,0.185,1.162
3R,15274278,15374278,15324278,0.272,1.189
3R,15374278,15474278,15424278,0.544,1.244
3R,15474278,15574278,15524278,0.261,1.27
3R,15574278,15674278,15624278,0.076,1.277
3R,15674278,15774278,15724278,0.37,1.314
3R,15774278,15874278,15824278,0.283,1.343
3R,15874278,15974278,15924278,0.174,1.36
3R,15974278,16074278,16024278,0.076,1.368
3R,16074278,16174278,16124278,0.196,1.387
3R,16174278,16274278,16224278,0.131,1.4
3R,16274278,16374278,16324278,0.076,1.408
3R,16374278,16474278,16424278,0.174,1.425
3R,16474278,16574278,16524278,0.185,1.444
3R,16574278,16674278,16624278,0.065,1.45
3R,16674278,16774278,16724278,0.141,1.465
3R,16774278,16874278,16824278,0.076,1.472
3R,16874278,16974278,16924278,0.044,1.477
3R,16974278,17074278,17024278,0.076,1.484
3R,17074278,17174278,17124278,0.141,1.498
3R,17174278,17274278,17224278,0.174,1.516
3R,17274278,17374278,17324278,0.054,1.521
3R,17374278,17474278,17424278,0.174,1.539
3R,17474278,17574278,17524278,0.152,1.554
3R,17574278,17674278,17624278,0.163,1.57
3R,17674278,17774278,17724278,0.326,1.603
3R,17774278,17874278,17824278,0.054,1.608
3R,17874278,17974278,17924278,0.196,1.628
3R,17974278,18074278,18024278,0.435,1.671
3R,18074278,18174278,18124278,0.207,1.692
3R,18174278,18274278,18224278,0.838,1.776
3R,18274278,18374278,18324278,0.381,1.814
3R,18374278,18474278,18424278,0.152,1.829
3R,18474278,18574278,18524278,0.468,1.876
3R,18574278,18674278,18624278,0.294,1.905
3R,18674278,18774278,18724278,0.141,1.919
3R,18774278,18874278,18824278,0.413,1.961
3R,18874278,18974278,18924278,0.892,2.05
3R,18974278,19074278,19024278,0.381,2.088
3R,19074278,19174278,19124278,0.294,2.118
3R,19174278,19274278,19224278,0.718,2.189
3R,19274278,19374278,19324278,1.48,2.337
3R,19374278,19474278,19424278,0.446,2.382
3R,19474278,19574278,19524278,0.261,2.408
3R,19574278,19674278,19624278,0.533,2.461
3R,19674278,19774278,19724278,0.141,2.476
3R,19774278,19874278,19824278,0.435,2.519
3R,19874278,19974278,19924278,0.152,2.534
3R,19974278,20074278,20024278,0.588,2.593
3R,20074278,20174278,20124278,0.413,2.634
3R,20174278,20274278,20224278,0.522,2.687
3R,20274278,20374278,20324278,1.306,2.817
3R,20374278,20474278,20424278,0.12,2.829
3R,20474278,20574278,20524278,0.218,2.851
3R,20574278,20674278,20624278,0.065,2.857
3R,20674278,20774278,20724278,0.152,2.873
3R,20774278,20874278,20824278,0.131,2.886
3R,20874278,20974278,20924278,0.261,2.912
3R,20974278,21074278,21024278,0.109,2.923
3R,21074278,21174278,21124278,0.316,2.954
3R,21174278,21274278,21224278,0.359,2.99
3R,21274278,21374278,21324278,0.044,2.995
3R,21374278,21474278,21424278,0.011,2.996
3R,21474278,21574278,21524278,0.283,3.024
3R,21574278,21674278,21624278,0.098,3.034
3R,21674278,21774278,21724278,0.283,3.062
3R,21774278,21874278,21824278,0.566,3.119
3R,21874278,21974278,21924278,0.348,3.153
3R,21974278,22074278,22024278,0.305,3.184
3R,22074278,22174278,22124278,0.403,3.224
3R,22174278,22274278,22224278,0.381,3.262
3R,22274278,22374278,22324278,0.218,3.284
3R,22374278,22474278,22424278,0.196,3.304
3R,22474278,22574278,22524278,0.348,3.338
3R,22574278,22674278,22624278,0.25,3.363
3R,22674278,22774278,22724278,0.49,3.412
3R,22774278,22874278,22824278,0.479,3.46
3R,22874278,22974278,22924278,0.196,3.48
3R,22974278,23074278,23024278,0.294,3.509
3R,23074278,23174278,23124278,0.316,3.541
3R,23174278,23274278,23224278,0.326,3.573
3R,23274278,23374278,23324278,0.381,3.612
3R,23374278,23474278,23424278,0.631,3.675
3R,23474278,23574278,23524278,0.163,3.691
3R,23574278,23674278,23624278,0.533,3.744
3R,23674278,23774278,23724278,0.294,3.774
3R,23774278,23874278,23824278,0.207,3.794
3R,23874278,23974278,23924278,0.261,3.82
3R,23974278,24074278,24024278,0.141,3.835
3R,24074278,24174278,24124278,0.185,3.853
3R,24174278,24274278,24224278,0.109,3.864
3R,24274278,24374278,24324278,0.141,3.878
3R,24374278,24474278,24424278,0.272,3.905
3R,24474278,24574278,24524278,0.588,3.964
3R,24574278,24674278,24624278,0.261,3.99
3R,24674278,24774278,24724278,0.37,4.027
3R,24774278,24874278,24824278,0.305,4.058
3R,24874278,24974278,24924278,0.294,4.087
3R,24974278,25074278,25024278,0.207,4.108
3R,25074278,25174278,25124278,0.305,4.138
3R,25174278,25274278,25224278,0.239,4.162
3R,25274278,25374278,25324278,0.12,4.174
3R,25374278,25474278,25424278,0.163,4.19
3R,25474278,25574278,25524278,0.261,4.217
3R,25574278,25674278,25624278,0.283,4.245
3R,25674278,25774278,25724278,0.044,4.249
3R,25774278,25874278,25824278,0.218,4.271
3R,25874278,25974278,25924278,0.239,4.295
3R,25974278,26074278,26024278,0.272,4.322
3R,26074278,26174278,26124278,0.076,4.33
3R,26174278,26274278,26224278,0.12,4.342
3R,26274278,26374278,26324278,0.25,4.367
3R,26374278,26474278,26424278,0.098,4.377
3R,26474278,26574278,26524278,0.087,4.385
3R,26574278,26674278,26624278,0.163,4.402
3R,26674278,26774278,26724278,0.37,4.439
3R,26774278,26874278,26824278,0.359,4.474
3R,26874278,26974278,26924278,0.337,4.508
3R,26974278,27074278,27024278,0.033,4.511
3R,27074278,27174278,27124278,0.283,4.54
3R,27174278,27274278,27224278,0.424,4.582
3R,27274278,27374278,27324278,0.185,4.601
3R,27374278,27474278,27424278,0.522,4.653
3R,27474278,27574278,27524278,0.25,4.678
3R,27574278,27674278,27624278,0.152,4.693
3R,27674278,27774278,27724278,0.359,4.729
3R,27774278,27874278,27824278,0.435,4.773
3R,27874278,27974278,27924278,0.49,4.822
3R,27974278,28074278,28024278,0.141,4.836
3R,28074278,28174278,28124278,0.631,4.899
3R,28174278,28274278,28224278,0.098,4.909
3R,28274278,28374278,28324278,0.163,4.925
3R,28374278,28474278,28424278,0.174,4.942
3R,28474278,28574278,28524278,0.076,4.95
3R,28574278,28674278,28624278,0.087,4.959
3R,28674278,28774278,28724278,0.316,4.99
3R,28774278,28874278,28824278,0.174,5.008
3R,28874278,28974278,28924278,0.218,5.029
3R,28974278,29074278,29024278,0.12,5.041
3R,29074278,29174278,29124278,0.163,5.058
3R,29174278,29274278,29224278,0.087,5.066
3R,29274278,29374278,29324278,0.751,5.141
3R,29374278,29474278,29424278,0.294,5.171
3R,29474278,29574278,29524278,0.511,5.222
3R,29574278,29674278,29624278,0.174,5.239
3R,29674278,29774278,29724278,0.163,5.256
3R,29774278,29874278,29824278,0.239,5.28
3R,29874278,29974278,29924278,0.239,5.304
3R,29974278,30074278,30024278,0.207,5.324
3R,30074278,30174278,30124278,0.131,5.337
3R,30174278,30274278,30224278,0.283,5.366
3R,30274278,30374278,30324278,0.37,5.403
3R,30374278,30474278,30424278,0.131,5.416
3R,30474278,30574278,30524278,0.065,5.422
3R,30574278,30674278,30624278,0.109,5.433
3R,30674278,30774278,30724278,0.141,5.447
3R,30774278,30874278,30824278,0.065,5.454
3R,30874278,30974278,30924278,0.076,5.461
3R,30974278,31074278,31024278,0.098,5.471
3R,31074278,31174278,31124278,0.163,5.487
3R,31174278,31274278,31224278,0.054,5.493
3R,31274278,31374278,31324278,0.011,5.494
3R,31374278,31474278,31424278,0,5.494
3R,31474278,31574278,31524278,0.022,5.496
3R,31574278,31674278,31624278,0,5.496
3R,31674278,31774278,31724278,0,5.496
3R,31774278,31874278,31824278,0,5.496
3R,31874278,31974278,31924278,0,5.496
3R,31974278,32074278,32024278,0,5.496
3R,32074278,32174278,32124278,0,5.496