,chr_name,start,end,transcript_size,CDS_length,number_exons,transcript_id,gene_id,targets,s
1,2L,8366311,8369717,3406,1766,7,FBtr0005088,FBgn0260439,14,30
2,2L,14617548,14618840,1292,813,3,FBtr0006151,FBgn0000056,9,13
3,2L,4651490,4652773,1283,939,3,FBtr0077376,FBgn0031619,19,37
4,2L,4682824,4687102,4278,2754,3,FBtr0077377,FBgn0031620,111,70
5,2L,4687649,4688785,1136,1136,1,FBtr0077378,FBgn0031621,15,20
6,2L,4794672,4796560,1888,1363,5,FBtr0077381,FBgn0031628,51,50
7,2L,4794672,4795951,1279,939,3,FBtr0077382,FBgn0031628,26,29
8,2L,4813354,4815779,2425,971,4,FBtr0077383,FBgn0031630,14,41
9,2L,4825610,4827569,1959,1088,4,FBtr0077384,FBgn0031632,15,23
10,2L,4839303,4841005,1702,1450,5,FBtr0077385,FBgn0031636,28,33
11,2L,4847855,4849321,1466,1466,1,FBtr0077386,FBgn0031638,31,29
12,2L,4850751,4852452,1701,1581,3,FBtr0077387,FBgn0031640,24,46
13,2L,4865303,4873622,8319,2360,10,FBtr0077388,FBgn0051660,88,86
14,2L,4883647,4885506,1859,1807,2,FBtr0077389,FBgn0031643,47,49
15,2L,4890077,4891184,1107,1045,2,FBtr0077390,FBgn0031644,30,25
16,2L,4893955,4903150,9195,1473,6,FBtr0077391,FBgn0031645,31,54
17,2L,4937441,4941363,3922,3856,2,FBtr0077393,FBgn0003372,173,109
18,2L,4933288,4936341,3053,2531,7,FBtr0077394,FBgn0031649,51,95
19,2L,4909173,4925905,16732,2426,10,FBtr0077395,FBgn0041150,37,90
20,2L,4909173,4932092,22919,2528,10,FBtr0077396,FBgn0041150,37,93
21,2L,4909173,4915096,5923,2399,10,FBtr0077397,FBgn0041150,36,90
22,2L,4909173,4925905,16732,2426,10,FBtr0077398,FBgn0041150,37,90
23,2L,4909173,4925905,16732,2426,10,FBtr0077399,FBgn0041150,37,90
24,2L,4909173,4925905,16732,2426,10,FBtr0077400,FBgn0041150,37,90
25,2L,4904226,4905822,1596,762,3,FBtr0077401,FBgn0031646,17,22
26,2L,4904226,4905822,1596,762,3,FBtr0077402,FBgn0031646,17,22
27,2L,4904226,4905822,1596,762,3,FBtr0077403,FBgn0031646,17,22
28,2L,4849515,4850363,848,790,2,FBtr0077408,FBgn0031639,24,23
29,2L,4842237,4846043,3806,1951,8,FBtr0077409,FBgn0031637,36,45
30,2L,4842237,4846043,3806,1951,8,FBtr0077410,FBgn0031637,36,45
31,2L,4842237,4846043,3806,1951,8,FBtr0077411,FBgn0031637,36,45
32,2L,4835743,4837616,1873,1487,4,FBtr0077412,FBgn0031635,20,28
33,2L,4835743,4837616,1873,1487,4,FBtr0077413,FBgn0031635,20,28
34,2L,4829487,4830607,1120,990,3,FBtr0077415,FBgn0031633,20,53
35,2L,4815945,4818166,2221,2030,4,FBtr0077416,FBgn0031631,26,83
36,2L,4797079,4799878,2799,691,2,FBtr0077417,FBgn0031629,9,21
37,2L,4735550,4793680,58130,1343,7,FBtr0077418,FBgn0031627,21,30
38,2L,4732510,4734426,1916,1864,2,FBtr0077419,FBgn0031626,91,59
39,2L,4700995,4701468,473,412,2,FBtr0077420,FBgn0031623,13,6
40,2L,4689063,4690600,1537,1483,2,FBtr0077422,FBgn0031622,42,27
41,2L,4683227,4684373,1146,1087,2,FBtr0077423,FBgn0000227,25,33
42,2L,4324908,4331611,6703,2151,6,FBtr0077425,FBgn0028482,53,66
43,2L,4336674,4344477,7803,2490,6,FBtr0077426,FBgn0020762,36,106
44,2L,4336674,4344477,7803,2490,6,FBtr0077427,FBgn0020762,36,106
45,2L,4353049,4353810,761,642,3,FBtr0077428,FBgn0031596,8,21
46,2L,4372273,4380096,7823,1456,2,FBtr0077429,FBgn0026319,24,47
47,2L,4388725,4392683,3958,2422,5,FBtr0077431,FBgn0027560,20,72
48,2L,4394338,4399730,5392,4338,9,FBtr0077432,FBgn0022153,58,135
49,2L,4401120,4403088,1968,1734,3,FBtr0077434,FBgn0053003,44,59
50,2L,4403337,4403861,524,424,2,FBtr0077435,FBgn0031601,2,10
51,2L,4442498,4442851,353,353,1,FBtr0077438,FBgn0031603,1,8
52,2L,4444811,4446637,1826,1652,4,FBtr0077439,FBgn0031604,23,31
53,2L,4454729,4455135,406,282,3,FBtr0077440,FBgn0040705,26,17
54,2L,4459978,4461556,1578,1507,2,FBtr0077441,FBgn0031608,28,44
55,2L,4463846,4464883,1037,1037,1,FBtr0077442,FBgn0031610,18,15
56,2L,4465238,4467931,2693,2571,3,FBtr0077443,FBgn0031611,33,62
57,2L,4577786,4578103,317,317,1,FBtr0077444,FBgn0031613,14,6
58,2L,4468137,4474977,6840,2820,9,FBtr0077446,FBgn0011603,52,87
59,2L,4468137,4473031,4894,1966,8,FBtr0077447,FBgn0011603,19,60
60,2L,4468137,4474977,6840,2820,9,FBtr0077448,FBgn0011603,52,87
61,2L,4461827,4462960,1133,1072,2,FBtr0077450,FBgn0031609,46,22
62,2L,4459007,4459532,525,411,3,FBtr0077451,FBgn0053002,2,11
63,2L,4457384,4458291,907,444,3,FBtr0077452,FBgn0285948,4,2
64,2L,4455329,4456449,1120,690,3,FBtr0077453,FBgn0019982,17,19
65,2L,4453294,4454362,1068,1006,2,FBtr0077454,FBgn0031607,10,26
66,2L,4449519,4452951,3432,3022,2,FBtr0077455,FBgn0031606,62,77
67,2L,4446991,4448427,1436,1314,3,FBtr0077456,FBgn0025684,18,37
68,2L,4443073,4444607,1534,1471,2,FBtr0077457,FBgn0027609,41,31
69,2L,4406132,4409353,3221,3075,3,FBtr0077459,FBgn0031602,106,93
70,2L,4392879,4393790,911,667,5,FBtr0077460,FBgn0031600,8,16
71,2L,4383140,4385978,2838,2657,4,FBtr0077462,FBgn0031598,26,68
72,2L,4380786,4382639,1853,1853,1,FBtr0077463,FBgn0031597,41,31
73,2L,4380786,4382639,1853,1853,1,FBtr0077464,FBgn0031597,41,31
74,2L,4032676,4113799,81123,3988,8,FBtr0077465,FBgn0000547,59,125
75,2L,4120363,4121439,1076,957,3,FBtr0077466,FBgn0020376,36,26
76,2L,4121760,4123896,2136,1883,4,FBtr0077467,FBgn0014033,46,49
77,2L,4149349,4151043,1694,1694,1,FBtr0077468,FBgn0031585,102,40
78,2L,4188148,4189224,1076,1076,1,FBtr0077469,FBgn0040102,29,43
79,2L,4228025,4228408,383,383,1,FBtr0077470,FBgn0003941,2,6
80,2L,4257650,4258323,673,613,2,FBtr0077471,FBgn0265269,10,21
81,2L,4278042,4279290,1248,1062,3,FBtr0077476,FBgn0031592,26,25
82,2L,4224887,4226888,2001,1921,2,FBtr0077477,FBgn0031590,18,42
83,2L,4199135,4217840,18705,15433,8,FBtr0077478,FBgn0001075,256,659
84,2L,4189945,4196565,6620,1990,11,FBtr0077479,FBgn0031589,39,68
85,2L,4189945,4196565,6620,1990,11,FBtr0077480,FBgn0031589,39,68
86,2L,4189945,4196565,6620,1655,10,FBtr0077481,FBgn0031589,25,64
87,2L,4189945,4196565,6620,1990,11,FBtr0077482,FBgn0031589,39,68
88,2L,4189945,4196565,6620,1990,11,FBtr0077483,FBgn0031589,39,68
89,2L,4186419,4187483,1064,1064,1,FBtr0077484,FBgn0051961,9,16
90,2L,4186419,4187483,1064,1064,1,FBtr0077485,FBgn0051961,9,16
91,2L,3779726,3783281,3555,2230,2,FBtr0077490,FBgn0004893,45,86
92,2L,3779726,3783281,3555,2230,2,FBtr0077491,FBgn0004893,45,86
93,2L,3779726,3783281,3555,2230,2,FBtr0077492,FBgn0004893,45,86
94,2L,3779726,3783281,3555,2230,2,FBtr0077493,FBgn0004893,45,86
95,2L,3785030,3785473,443,443,1,FBtr0077494,FBgn0051960,3,4
96,2L,3790663,3802242,11579,9334,11,FBtr0077496,FBgn0031571,103,389
97,2L,3807047,3808238,1191,1050,3,FBtr0077497,FBgn0021800,18,15
98,2L,3806750,3808238,1488,1199,4,FBtr0077498,FBgn0021800,20,16
99,2L,3825784,3826749,965,965,1,FBtr0077499,FBgn0003430,25,37
100,2L,3837198,3838550,1352,1352,1,FBtr0077500,FBgn0004567,41,59
101,2L,3863581,3867221,3640,2960,7,FBtr0077501,FBgn0031574,43,104
102,2L,3863581,3867118,3537,2940,6,FBtr0077502,FBgn0031574,44,105
103,2L,3867982,3871186,3204,2410,8,FBtr0077504,FBgn0031575,31,82
104,2L,4005056,4005367,311,311,1,FBtr0077505,FBgn0031579,17,17
105,2L,4006113,4006433,320,320,1,FBtr0077506,FBgn0031580,9,16
106,2L,3911907,3914180,2273,2273,1,FBtr0077509,FBgn0051773,28,71
107,2L,3872833,3893589,20756,3613,8,FBtr0077511,FBgn0000256,112,150
108,2L,3872833,3889638,16805,3140,7,FBtr0077512,FBgn0000256,94,141
109,2L,3872833,3887221,14388,3170,7,FBtr0077513,FBgn0000256,94,140
110,2L,3871556,3872335,779,475,2,FBtr0077514,FBgn0051957,9,19
111,2L,3810997,3813330,2333,2138,4,FBtr0077515,FBgn0031573,39,98
112,2L,3446038,3447545,1507,1245,3,FBtr0077516,FBgn0031533,24,36
113,2L,3449795,3451564,1769,1369,5,FBtr0077517,FBgn0031534,22,49
114,2L,3457406,3460268,2862,2678,4,FBtr0077519,FBgn0266670,44,103
115,2L,3466335,3467251,916,474,3,FBtr0077520,FBgn0021967,10,16
116,2L,3466335,3467251,916,474,3,FBtr0077521,FBgn0021967,10,16
117,2L,3470214,3472322,2108,1886,4,FBtr0077522,FBgn0051776,83,84
118,2L,3478616,3479390,774,349,2,FBtr0077524,FBgn0261560,1,5
119,2L,3514984,3516972,1988,1424,4,FBtr0077525,FBgn0031544,23,30
120,2L,3520379,3522369,1990,1930,2,FBtr0077526,FBgn0031546,27,56
121,2L,3530903,3532523,1620,1212,3,FBtr0077529,FBgn0031550,14,34
122,2L,3545587,3546752,1165,241,2,FBtr0077530,FBgn0024244,2,4
123,2L,3545587,3546752,1165,241,2,FBtr0077531,FBgn0024244,2,4
124,2L,3619286,3621070,1784,1608,3,FBtr0077532,FBgn0015663,50,86
125,2L,3714093,3716505,2412,2117,4,FBtr0077537,FBgn0031566,15,27
126,2L,3714806,3716505,1699,1560,3,FBtr0077538,FBgn0031566,10,19
127,2L,3716883,3717728,845,845,1,FBtr0077539,FBgn0040104,33,7
128,2L,3712272,3712782,510,457,2,FBtr0077540,FBgn0051955,23,8
129,2L,3707357,3711618,4261,2967,12,FBtr0077541,FBgn0015376,43,66
130,2L,3706583,3707039,456,325,2,FBtr0077542,FBgn0051777,7,10
131,2L,3704422,3704973,551,304,2,FBtr0077543,FBgn0051778,4,3
132,2L,3698589,3699040,451,385,2,FBtr0077544,FBgn0031563,11,17
133,2L,3697376,3697771,395,395,1,FBtr0077545,FBgn0031562,14,16
134,2L,3696293,3696598,305,244,2,FBtr0077546,FBgn0031561,4,9
135,2L,3695056,3695356,300,244,2,FBtr0077547,FBgn0031560,4,7
136,2L,3692844,3693168,324,262,2,FBtr0077549,FBgn0031559,3,3
137,2L,3692189,3692540,351,235,2,FBtr0077550,FBgn0031558,12,6
138,2L,3621152,3621506,354,289,2,FBtr0077556,FBgn0031554,4,8
139,2L,3604997,3606358,1361,1174,2,FBtr0077557,FBgn0002985,36,36
140,2L,3578300,3580179,1879,1732,2,FBtr0077558,FBgn0004892,60,57
141,2L,3522597,3523960,1363,1215,3,FBtr0077560,FBgn0031547,66,44
142,2L,3517436,3519463,2027,2027,1,FBtr0077561,FBgn0031545,25,75
143,2L,3510592,3514532,3940,3540,6,FBtr0077562,FBgn0284253,37,109
144,2L,3509175,3510072,897,829,2,FBtr0077563,FBgn0051954,14,34
145,2L,3494522,3504457,9935,4180,14,FBtr0077567,FBgn0014396,59,137
146,2L,3480957,3481916,959,959,1,FBtr0077568,FBgn0031542,21,43
147,2L,3467854,3469894,2040,1987,2,FBtr0077569,FBgn0031540,31,69
148,2L,3463269,3465639,2370,2317,2,FBtr0077570,FBgn0005616,88,80
149,2L,3463269,3465639,2370,2317,2,FBtr0077571,FBgn0005616,88,80
150,2L,3460397,3461851,1454,1332,3,FBtr0077572,FBgn0031538,28,44
151,2L,3453926,3457035,3109,2707,8,FBtr0077573,FBgn0031536,53,98
152,2L,3160073,3162041,1968,1735,5,FBtr0077574,FBgn0260817,51,45
153,2L,3163920,3168198,4278,1189,5,FBtr0077576,FBgn0014906,24,24
154,2L,3173992,3174422,430,364,2,FBtr0077578,FBgn0031512,1,8
155,2L,3309427,3311648,2221,1402,5,FBtr0077580,FBgn0031517,23,45
156,2L,3320590,3323034,2444,1449,6,FBtr0077583,FBgn0031520,28,37
157,2L,3324367,3326574,2207,1395,6,FBtr0077584,FBgn0053281,23,41
158,2L,3330963,3332678,1715,1392,6,FBtr0077586,FBgn0031522,19,29
159,2L,3332911,3334720,1809,1392,6,FBtr0077587,FBgn0031523,14,33
160,2L,3357750,3358418,668,668,1,FBtr0077588,FBgn0031526,14,4
161,2L,3377099,3378488,1389,1190,4,FBtr0077589,FBgn0016698,34,45
162,2L,3410690,3411103,413,413,1,FBtr0077590,FBgn0031531,12,16
163,2L,3416865,3417407,542,542,1,FBtr0077591,FBgn0051952,28,19
164,2L,3405580,3421574,15994,1892,7,FBtr0077592,FBgn0031530,58,86
165,2L,3376113,3376619,506,445,2,FBtr0077594,FBgn0031529,7,18
166,2L,3317568,3319806,2238,1562,7,FBtr0077603,FBgn0031519,31,43
167,2L,3295341,3301615,6274,2417,7,FBtr0077604,FBgn0031516,31,79
168,2L,3291336,3293552,2216,1821,6,FBtr0077605,FBgn0031515,39,65
169,2L,3292537,3293552,1015,845,4,FBtr0077606,FBgn0031515,25,36
170,2L,3291336,3293552,2216,1821,6,FBtr0077607,FBgn0031515,39,65
171,2L,3275958,3280363,4405,1882,5,FBtr0077608,FBgn0031514,24,85
172,2L,3275958,3279363,3405,2385,6,FBtr0077609,FBgn0031514,38,102
173,2L,3173306,3173825,519,451,2,FBtr0077612,FBgn0051698,12,7
174,2L,3147422,3149073,1651,1362,3,FBtr0077616,FBgn0011648,15,43
175,2L,3145203,3145684,481,345,3,FBtr0077617,FBgn0031505,4,13
176,2L,2838474,2839450,976,904,2,FBtr0077618,FBgn0031467,40,35
177,2L,2840997,2842435,1438,1151,4,FBtr0077619,FBgn0031468,47,47
178,2L,2856256,2856637,381,246,3,FBtr0077621,FBgn0015521,3,4
179,2L,2856256,2856637,381,246,3,FBtr0077622,FBgn0015521,3,4
180,2L,2856256,2856637,381,246,3,FBtr0077623,FBgn0015521,3,4
181,2L,2864984,2867664,2680,1681,5,FBtr0077625,FBgn0031474,29,57
182,2L,2864984,2867664,2680,1681,5,FBtr0077626,FBgn0031474,29,57
183,2L,2864984,2867664,2680,1681,5,FBtr0077627,FBgn0031474,29,57
184,2L,2869746,2870597,851,851,1,FBtr0077628,FBgn0031476,12,18
185,2L,2875388,2876359,971,971,1,FBtr0077629,FBgn0031478,18,38
186,2L,2878593,2878955,362,362,1,FBtr0077630,FBgn0051950,20,23
187,2L,2879264,2880468,1204,1039,2,FBtr0077631,FBgn0028970,41,61
188,2L,2945617,2952222,6605,5009,10,FBtr0077632,FBgn0041111,156,132
189,2L,2945617,2952222,6605,5009,10,FBtr0077633,FBgn0041111,156,132
190,2L,2945617,2952222,6605,5009,10,FBtr0077634,FBgn0041111,156,132
191,2L,2961231,2963383,2152,1326,6,FBtr0077637,FBgn0010263,37,31
192,2L,2961231,2963383,2152,1312,5,FBtr0077638,FBgn0010263,36,31
193,2L,2961231,2963383,2152,1326,6,FBtr0077639,FBgn0010263,37,31
194,2L,2961231,2963383,2152,1312,5,FBtr0077640,FBgn0010263,36,31
195,2L,2973059,2974601,1542,1422,3,FBtr0077641,FBgn0260639,13,17
196,2L,2977242,2978350,1108,1051,2,FBtr0077642,FBgn0031484,18,11
197,2L,2988245,2989508,1263,1009,5,FBtr0077643,FBgn0025109,19,17
198,2L,2993735,2998245,4510,3117,6,FBtr0077644,FBgn0025681,80,106
199,2L,2993735,2998245,4510,3079,5,FBtr0077645,FBgn0025681,80,106
200,2L,3013502,3015459,1957,1818,3,FBtr0077646,FBgn0031488,74,47
201,2L,3018950,3021224,2274,2109,3,FBtr0077647,FBgn0031490,55,38
202,2L,3023388,3026113,2725,2412,6,FBtr0077648,FBgn0031492,34,31
203,2L,3029420,3030392,972,919,2,FBtr0077650,FBgn0031494,19,18
204,2L,3030760,3032131,1371,1257,3,FBtr0077651,FBgn0031495,16,22
205,2L,3030760,3032131,1371,1257,3,FBtr0077652,FBgn0031495,16,22
206,2L,3037594,3038685,1091,1091,1,FBtr0077653,FBgn0031498,17,7
207,2L,3040381,3041572,1191,1083,3,FBtr0077654,FBgn0031500,27,18
208,2L,3040228,3041572,1344,1236,3,FBtr0077655,FBgn0031500,36,20
209,2L,3043037,3043527,490,412,2,FBtr0077656,FBgn0031501,6,7
210,2L,3045712,3055484,9772,7221,6,FBtr0077657,FBgn0042627,155,177
211,2L,3059908,3067499,7591,7309,5,FBtr0077659,FBgn0283427,103,166
212,2L,3109720,3110727,1007,1007,1,FBtr0077660,FBgn0005779,16,29
213,2L,3128765,3129364,599,599,1,FBtr0077661,FBgn0031504,24,16
214,2L,3069717,3144347,74630,6475,11,FBtr0077662,FBgn0015600,187,193
215,2L,3069717,3112199,42482,2943,9,FBtr0077663,FBgn0015600,73,68
216,2L,3069717,3094559,24842,2657,7,FBtr0077664,FBgn0015600,71,60
217,2L,3069717,3090408,20691,2973,6,FBtr0077665,FBgn0015600,73,67
218,2L,3039134,3039720,586,468,3,FBtr0077666,FBgn0243513,2,11
219,2L,3035648,3037150,1502,1502,1,FBtr0077667,FBgn0031497,40,27
220,2L,3026608,3029087,2479,2242,5,FBtr0077669,FBgn0031493,30,32
221,2L,3021789,3022949,1160,1105,2,FBtr0077670,FBgn0031491,38,19
222,2L,3016779,3017969,1190,894,6,FBtr0077671,FBgn0031489,13,19
223,2L,3016779,3017969,1190,894,6,FBtr0077672,FBgn0031489,13,19
224,2L,2990070,2992709,2639,2346,6,FBtr0077673,FBgn0002989,44,57
225,2L,2980179,2987520,7341,5642,7,FBtr0077674,FBgn0250786,96,115
226,2L,2978549,2979205,656,656,1,FBtr0077675,FBgn0031485,19,12
227,2L,2975181,2976785,1604,1604,1,FBtr0077676,FBgn0031483,27,11
228,2L,2975181,2976509,1328,1328,1,FBtr0077677,FBgn0031483,21,8
229,2L,2969995,2972297,2302,2032,5,FBtr0077678,FBgn0004584,42,20
230,2L,2968608,2969570,962,962,1,FBtr0077679,FBgn0024920,24,15
231,2L,2881231,2882104,873,811,2,FBtr0077680,FBgn0024947,17,23
232,2L,2881231,2882104,873,811,2,FBtr0077682,FBgn0024947,17,23
233,2L,2881231,2882940,1709,1379,4,FBtr0077683,FBgn0024947,27,35
234,2L,2877191,2878137,946,663,3,FBtr0077684,FBgn0031479,12,30
235,2L,2869174,2873672,4498,1270,5,FBtr0077685,FBgn0051694,26,39
236,2L,2849735,2853262,3527,959,4,FBtr0077686,FBgn0031473,24,39
237,2L,2849735,2853262,3527,959,4,FBtr0077687,FBgn0031473,24,39
238,2L,2844622,2845711,1089,1027,2,FBtr0077689,FBgn0031470,49,11
239,2L,2834970,2837788,2818,1061,4,FBtr0077691,FBgn0031466,44,40
240,2L,2836164,2837788,1624,549,3,FBtr0077692,FBgn0031466,25,23
241,2L,2577863,2579005,1142,1142,1,FBtr0077693,FBgn0031435,31,32
242,2L,2580369,2580883,514,451,2,FBtr0077694,FBgn0031437,3,9
243,2L,2653147,2653842,695,643,2,FBtr0077697,FBgn0031442,11,2
244,2L,2654143,2655330,1187,1135,2,FBtr0077698,FBgn0026395,15,33
245,2L,2655460,2656151,691,628,2,FBtr0077699,FBgn0031443,7,28
246,2L,2665143,2666192,1049,991,2,FBtr0077700,FBgn0031444,13,20
247,2L,2670923,2672156,1233,1119,3,FBtr0077702,FBgn0041248,29,29
248,2L,2736340,2739497,3157,1835,10,FBtr0077705,FBgn0031449,26,43
249,2L,2736340,2739497,3157,1835,10,FBtr0077706,FBgn0031449,26,43
250,2L,2736340,2739497,3157,1835,10,FBtr0077707,FBgn0031449,26,43
251,2L,2736340,2739497,3157,1835,10,FBtr0077708,FBgn0031449,26,43
252,2L,2745199,2746878,1679,1560,3,FBtr0077712,FBgn0031452,35,47
253,2L,2753415,2756291,2876,453,3,FBtr0077713,FBgn0031453,22,8
254,2L,2753415,2756291,2876,453,3,FBtr0077714,FBgn0031453,22,8
255,2L,2760033,2763208,3175,2791,5,FBtr0077715,FBgn0031456,51,92
256,2L,2766315,2767087,772,712,2,FBtr0077716,FBgn0031458,11,13
257,2L,2767981,2768540,559,499,2,FBtr0077717,FBgn0028398,1,12
258,2L,2770151,2770726,575,447,3,FBtr0077718,FBgn0031459,11,8
259,2L,2770290,2770726,436,376,2,FBtr0077719,FBgn0031459,10,7
260,2L,2809311,2811756,2445,1754,4,FBtr0077720,FBgn0031461,39,75
261,2L,2809311,2811756,2445,1754,4,FBtr0077721,FBgn0031461,39,75
262,2L,2812538,2814262,1724,1660,2,FBtr0077722,FBgn0031462,38,73
263,2L,2823603,2825504,1901,1901,1,FBtr0077723,FBgn0031465,31,55
264,2L,2783071,2793888,10817,1414,8,FBtr0077726,FBgn0004242,24,35
265,2L,2783071,2793888,10817,1408,8,FBtr0077727,FBgn0004242,24,35
266,2L,2783071,2793888,10817,1408,8,FBtr0077728,FBgn0004242,24,35
267,2L,2770941,2771735,794,724,2,FBtr0077730,FBgn0031460,16,11
268,2L,2768648,2769565,917,917,1,FBtr0077731,FBgn0019830,20,29
269,2L,2768648,2769565,917,917,1,FBtr0077734,FBgn0019830,20,29
270,2L,2767340,2767777,437,437,1,FBtr0077735,FBgn0026324,9,10
271,2L,2764309,2765502,1193,974,4,FBtr0077736,FBgn0031457,29,28
272,2L,2759246,2759647,401,401,1,FBtr0077737,FBgn0031455,10,10
273,2L,2747015,2748381,1366,1242,3,FBtr0077739,FBgn0250906,39,39
274,2L,2743461,2744924,1463,1341,3,FBtr0077740,FBgn0031451,45,55
275,2L,2646689,2647645,956,956,1,FBtr0077743,FBgn0031441,8,14
276,2L,2581785,2585271,3486,2197,8,FBtr0077744,FBgn0026479,56,57
277,2L,2579359,2579954,595,422,4,FBtr0077745,FBgn0031436,2,5
278,2L,2575454,2576645,1191,1126,2,FBtr0077746,FBgn0031434,15,22
279,2L,2573486,2574380,894,820,2,FBtr0077747,FBgn0026778,16,17
280,2L,2565088,2573009,7921,1608,6,FBtr0077748,FBgn0041337,43,56
281,2L,2551400,2552754,1354,1183,2,FBtr0077750,FBgn0031431,23,31
282,2L,2242522,2244358,1836,1119,3,FBtr0077751,FBgn0264979,19,26
283,2L,2253079,2253831,752,752,1,FBtr0077753,FBgn0042187,6,8
284,2L,2263558,2264181,623,507,3,FBtr0077754,FBgn0031407,0,14
285,2L,2263558,2264043,485,424,2,FBtr0077755,FBgn0031407,0,11
286,2L,2285174,2285899,725,725,1,FBtr0077756,FBgn0031409,10,15
287,2L,2300181,2300714,533,533,1,FBtr0077757,FBgn0051949,12,10
288,2L,2308027,2308668,641,434,4,FBtr0077758,FBgn0031412,15,9
289,2L,2366321,2368978,2657,2554,2,FBtr0077762,FBgn0261647,60,72
290,2L,2366321,2368978,2657,2554,2,FBtr0077763,FBgn0261647,60,72
291,2L,2374756,2375636,880,823,2,FBtr0077764,FBgn0031419,8,10
292,2L,2377202,2380174,2972,2911,2,FBtr0077765,FBgn0031420,70,80
293,2L,2377202,2380174,2972,2911,2,FBtr0077766,FBgn0031420,70,80
294,2L,2381334,2383001,1667,1557,3,FBtr0077767,FBgn0264672,25,38
295,2L,2383299,2384728,1429,1375,2,FBtr0077768,FBgn0031422,30,52
296,2L,2402245,2407695,5450,1889,7,FBtr0077769,FBgn0031424,32,52
297,2L,2420896,2422412,1516,1459,2,FBtr0077770,FBgn0031428,35,62
298,2L,2455071,2458557,3486,1762,2,FBtr0077771,FBgn0000490,41,37
299,2L,2455071,2458557,3486,1762,2,FBtr0077772,FBgn0000490,41,37
300,2L,2455071,2458557,3486,1762,2,FBtr0077773,FBgn0000490,41,37
301,2L,2455071,2458557,3486,1762,2,FBtr0077775,FBgn0000490,41,37
302,2L,2493030,2496694,3664,992,4,FBtr0077777,FBgn0011818,24,18
303,2L,2493030,2496694,3664,992,4,FBtr0077778,FBgn0011818,24,18
304,2L,2493030,2496694,3664,992,4,FBtr0077779,FBgn0011818,24,18
305,2L,2493030,2497159,4129,1457,4,FBtr0077780,FBgn0011818,36,27
306,2L,2517199,2517956,757,703,2,FBtr0077781,FBgn0031430,17,33
307,2L,2490349,2492520,2171,1912,5,FBtr0077782,FBgn0264978,9,32
308,2L,2415506,2416621,1115,1115,1,FBtr0077787,FBgn0051948,12,10
309,2L,2415506,2416470,964,907,2,FBtr0077788,FBgn0051948,11,8
310,2L,2384835,2385702,867,811,2,FBtr0077790,FBgn0031423,18,13
311,2L,2372513,2373701,1188,1001,4,FBtr0077791,FBgn0031418,15,31
312,2L,2370272,2371426,1154,1002,3,FBtr0077792,FBgn0031417,16,25
313,2L,2360472,2361428,956,653,4,FBtr0077793,FBgn0014010,13,12
314,2L,2360472,2361428,956,653,4,FBtr0077794,FBgn0014010,13,12
315,2L,2360472,2361428,956,653,4,FBtr0077795,FBgn0014010,13,12
316,2L,2360472,2361428,956,653,4,FBtr0077796,FBgn0014010,13,12
317,2L,2360472,2361428,956,653,4,FBtr0077797,FBgn0014010,13,12
318,2L,2360472,2361428,956,653,4,FBtr0077798,FBgn0014010,13,12
319,2L,2308886,2310427,1541,891,3,FBtr0077799,FBgn0031413,31,18
320,2L,2290332,2290622,290,290,1,FBtr0077800,FBgn0028570,5,18
321,2L,2288632,2289207,575,575,1,FBtr0077801,FBgn0031410,12,9
322,2L,2286053,2286844,791,791,1,FBtr0077802,FBgn0051681,28,11
323,2L,2268359,2269093,734,734,1,FBtr0077803,FBgn0250841,17,26
324,2L,2254276,2255040,764,764,1,FBtr0077804,FBgn0031406,18,13
325,2L,2251587,2252330,743,743,1,FBtr0077805,FBgn0042186,18,15
326,2L,2250536,2251270,734,734,1,FBtr0077806,FBgn0011832,24,24
327,2L,2239474,2240502,1028,955,2,FBtr0077807,FBgn0051682,15,14
328,2L,2238349,2239365,1016,952,2,FBtr0077808,FBgn0052463,19,31
329,2L,2237135,2238207,1072,1009,2,FBtr0077809,FBgn0051679,9,18
330,2L,2232051,2236541,4490,3572,7,FBtr0077810,FBgn0262126,56,62
331,2L,1910072,1942962,32890,4507,17,FBtr0077811,FBgn0031374,53,117
332,2L,1974236,1975184,948,731,4,FBtr0077813,FBgn0267972,16,11
333,2L,1981310,1981924,614,501,3,FBtr0077814,FBgn0031378,15,14
334,2L,1982312,1984390,2078,1907,4,FBtr0077815,FBgn0031379,27,61
335,2L,1988389,1988832,443,443,1,FBtr0077816,FBgn0031381,11,16
336,2L,2008530,2008852,322,190,2,FBtr0077817,FBgn0040717,9,8
337,2L,2039992,2043180,3188,2841,6,FBtr0077822,FBgn0003557,49,49
338,2L,2039992,2043180,3188,2841,6,FBtr0077823,FBgn0003557,49,49
339,2L,2039992,2043180,3188,2841,6,FBtr0077824,FBgn0003557,49,49
340,2L,2045610,2047574,1964,1637,4,FBtr0077825,FBgn0028952,39,27
341,2L,2054589,2057964,3375,1200,6,FBtr0077826,FBgn0026396,17,19
342,2L,2080077,2081167,1090,939,3,FBtr0077827,FBgn0031388,17,24
343,2L,2131012,2136883,5871,2528,4,FBtr0077828,FBgn0004507,47,56
344,2L,2147647,2151450,3803,3562,5,FBtr0077829,FBgn0027509,53,79
345,2L,2152035,2154894,2859,2015,7,FBtr0077830,FBgn0031392,24,20
346,2L,2152035,2154894,2859,2210,7,FBtr0077831,FBgn0031392,35,23
347,2L,2155783,2156253,470,470,1,FBtr0077832,FBgn0031393,10,9
348,2L,2217427,2220407,2980,2594,7,FBtr0077835,FBgn0031399,29,49
349,2L,2223329,2225237,1908,1724,4,FBtr0077836,FBgn0031401,25,24
350,2L,2223329,2225237,1908,1724,4,FBtr0077837,FBgn0031401,25,24
351,2L,2223329,2225237,1908,1724,4,FBtr0077838,FBgn0031401,25,24
352,2L,2223329,2225237,1908,1724,4,FBtr0077839,FBgn0031401,25,24
353,2L,2227069,2230123,3054,877,5,FBtr0077840,FBgn0267378,11,9
354,2L,2216578,2216808,230,230,1,FBtr0077842,FBgn0040715,6,8
355,2L,2215334,2216225,891,835,2,FBtr0077843,FBgn0031398,17,7
356,2L,2212973,2213931,958,677,4,FBtr0077844,FBgn0010288,23,9
357,2L,2210252,2212375,2123,1756,5,FBtr0077845,FBgn0031397,21,39
358,2L,2190426,2192263,1837,944,4,FBtr0077848,FBgn0031395,36,26
359,2L,2190426,2192263,1837,650,4,FBtr0077849,FBgn0031395,25,16
360,2L,2158168,2160491,2323,2193,3,FBtr0077850,FBgn0000097,42,45
361,2L,2158168,2160491,2323,2193,3,FBtr0077851,FBgn0000097,42,45
362,2L,2145903,2147024,1121,1048,2,FBtr0077852,FBgn0031391,18,18
363,2L,2137672,2145031,7359,4908,15,FBtr0077853,FBgn0031390,51,53
364,2L,2128336,2129207,871,808,2,FBtr0077854,FBgn0031389,19,8
365,2L,2006907,2007146,239,157,2,FBtr0077863,FBgn0040718,4,3
366,2L,1984709,1987652,2943,1267,5,FBtr0077867,FBgn0001125,18,44
367,2L,1984709,1986885,2176,1288,5,FBtr0077868,FBgn0001125,19,48
368,2L,1976545,1980612,4067,3064,5,FBtr0077869,FBgn0031377,97,105
369,2L,1951059,1954325,3266,1831,2,FBtr0077870,FBgn0031375,55,75
370,2L,1945308,1945652,344,344,1,FBtr0077871,FBgn0040719,4,2
371,2L,1520613,1522048,1435,1187,4,FBtr0077873,FBgn0026398,48,21
372,2L,1522703,1524156,1453,1187,4,FBtr0077874,FBgn0026397,37,42
373,2L,1611508,1612397,889,751,2,FBtr0077876,FBgn0031351,13,22
374,2L,1690638,1696146,5508,1807,5,FBtr0077877,FBgn0086758,47,59
375,2L,1690638,1696146,5508,1807,5,FBtr0077878,FBgn0086758,47,59
376,2L,1705112,1706224,1112,826,2,FBtr0077881,FBgn0011570,9,27
377,2L,1710526,1711282,756,540,3,FBtr0077882,FBgn0031357,8,16
378,2L,1728829,1729524,695,695,1,FBtr0077883,FBgn0260648,18,19
379,2L,1729984,1730946,962,962,1,FBtr0077884,FBgn0031360,11,39
380,2L,1741701,1750083,8382,2287,11,FBtr0077885,FBgn0264494,47,71
381,2L,1741701,1750083,8382,2287,11,FBtr0077886,FBgn0264494,47,71
382,2L,1752383,1752766,383,383,1,FBtr0077887,FBgn0031364,8,13
383,2L,1784062,1785283,1221,1165,2,FBtr0077888,FBgn0045497,21,22
384,2L,1869912,1870826,914,914,1,FBtr0077891,FBgn0031372,29,17
385,2L,1858831,1880114,21283,2886,12,FBtr0077893,FBgn0051663,34,69
386,2L,1831795,1832454,659,601,2,FBtr0077894,FBgn0031367,12,11
387,2L,1821273,1823291,2018,2018,1,FBtr0077896,FBgn0051933,27,63
388,2L,1793671,1794917,1246,1180,2,FBtr0077897,FBgn0045501,44,48
389,2L,1790620,1791823,1203,1147,2,FBtr0077899,FBgn0265138,32,36
390,2L,1758404,1759052,648,373,2,FBtr0077901,FBgn0031365,7,2
391,2L,1755256,1756451,1195,1132,2,FBtr0077902,FBgn0041249,24,33
392,2L,1750874,1752025,1151,1151,1,FBtr0077903,FBgn0027597,6,54
393,2L,1731406,1732263,857,729,3,FBtr0077904,FBgn0031361,9,11
394,2L,1725344,1727833,2489,1498,2,FBtr0077905,FBgn0000579,31,31
395,2L,1725344,1727833,2489,1498,2,FBtr0077906,FBgn0000579,31,31
396,2L,1725344,1727833,2489,1498,2,FBtr0077907,FBgn0000579,31,31
397,2L,1725344,1727833,2489,1498,2,FBtr0077908,FBgn0000579,31,31
398,2L,1725344,1726642,1298,1298,1,FBtr0077909,FBgn0000579,29,31
399,2L,1717106,1723928,6822,1088,7,FBtr0077910,FBgn0031359,21,34
400,2L,1711755,1715556,3801,2846,7,FBtr0077911,FBgn0086698,57,99
401,2L,1707775,1710315,2540,1598,10,FBtr0077912,FBgn0031356,18,41
402,2L,1612773,1614076,1303,687,3,FBtr0077915,FBgn0021906,24,35
403,2L,1595046,1611071,16025,2743,5,FBtr0077916,FBgn0051935,53,95
404,2L,1584993,1587032,2039,1975,2,FBtr0077917,FBgn0031347,41,74
405,2L,1516863,1517438,575,575,1,FBtr0077919,FBgn0031345,12,7
406,2L,1240068,1242142,2074,1993,2,FBtr0077920,FBgn0031327,51,98
407,2L,1256891,1293683,36792,4014,12,FBtr0077921,FBgn0041097,86,136
408,2L,1329178,1329864,686,628,2,FBtr0077922,FBgn0011294,7,17
409,2L,1344616,1344882,266,266,1,FBtr0077924,FBgn0026141,0,4
410,2L,1344616,1344882,266,266,1,FBtr0077925,FBgn0026141,0,4
411,2L,1368242,1368961,719,615,3,FBtr0077926,FBgn0031337,10,7
412,2L,1492314,1493567,1253,1253,1,FBtr0077929,FBgn0051928,30,44
413,2L,1494146,1495360,1214,1214,1,FBtr0077930,FBgn0053128,19,45
414,2L,1495747,1496976,1229,1229,1,FBtr0077931,FBgn0051926,36,36
415,2L,1497254,1498432,1178,1178,1,FBtr0077932,FBgn0051661,17,26
416,2L,1500949,1502628,1679,1130,4,FBtr0077933,FBgn0031344,21,28
417,2L,1498669,1500192,1523,1200,3,FBtr0077936,FBgn0031343,45,24
418,2L,1498669,1500192,1523,1317,3,FBtr0077937,FBgn0031343,51,26
419,2L,1498669,1500192,1523,1200,3,FBtr0077938,FBgn0031343,45,24
420,2L,1498669,1500192,1523,1317,3,FBtr0077939,FBgn0031343,51,26
421,2L,1381615,1420165,38550,4375,14,FBtr0077941,FBgn0002543,110,125
422,2L,1360150,1361657,1507,666,6,FBtr0077942,FBgn0053126,13,19
423,2L,1358974,1359783,809,571,5,FBtr0077943,FBgn0051659,11,11
424,2L,1354977,1355768,791,718,2,FBtr0077944,FBgn0031335,10,21
425,2L,1354184,1354891,707,707,1,FBtr0077946,FBgn0051924,25,20
426,2L,1353042,1354005,963,913,2,FBtr0077947,FBgn0031333,12,34
427,2L,1351863,1352815,952,895,2,FBtr0077948,FBgn0031332,18,33
428,2L,930335,957449,27114,2804,10,FBtr0077949,FBgn0028481,83,105
429,2L,1037379,1038419,1040,1040,1,FBtr0077951,FBgn0031296,25,18
430,2L,1078035,1080707,2672,2559,3,FBtr0077952,FBgn0015905,52,85
431,2L,1081244,1082868,1624,1228,5,FBtr0077953,FBgn0031298,42,33
432,2L,1108701,1112640,3939,3044,7,FBtr0077954,FBgn0031301,39,81
433,2L,1112988,1113947,959,788,4,FBtr0077955,FBgn0031302,31,26
434,2L,1129489,1131950,2461,2064,3,FBtr0077956,FBgn0031304,39,47
435,2L,1134859,1139953,5094,1330,5,FBtr0077957,FBgn0031306,81,52
436,2L,1143371,1147072,3701,1532,4,FBtr0077958,FBgn0031307,35,47
437,2L,1147865,1149373,1508,1508,1,FBtr0077959,FBgn0283525,37,44
438,2L,1150863,1151408,545,545,1,FBtr0077960,FBgn0031310,12,21
439,2L,1158976,1160097,1121,832,2,FBtr0077961,FBgn0031312,32,27
440,2L,1164540,1166358,1818,1759,2,FBtr0077962,FBgn0031314,47,47
441,2L,1166560,1167159,599,538,2,FBtr0077964,FBgn0031315,9,11
442,2L,1170234,1170762,528,414,3,FBtr0077965,FBgn0051922,3,1
443,2L,1173201,1177369,4168,3000,12,FBtr0077966,FBgn0031318,45,51
444,2L,1177950,1182283,4333,2835,12,FBtr0077968,FBgn0031319,59,43
445,2L,1184166,1185514,1348,1279,2,FBtr0077971,FBgn0031321,30,41
446,2L,1191684,1196440,4756,1046,4,FBtr0077972,FBgn0031322,20,28
447,2L,1200860,1201099,239,239,1,FBtr0077973,FBgn0040723,7,6
448,2L,1198602,1199138,536,536,1,FBtr0077977,FBgn0031323,20,18
449,2L,1182498,1183919,1421,1363,2,FBtr0077978,FBgn0031320,28,37
450,2L,1170796,1172619,1823,1568,4,FBtr0077979,FBgn0031317,28,27
451,2L,1167246,1169785,2539,2357,4,FBtr0077980,FBgn0024314,45,38
452,2L,1160447,1163088,2641,1658,4,FBtr0077981,FBgn0031313,51,53
453,2L,1160447,1163088,2641,1658,4,FBtr0077982,FBgn0031313,51,53
454,2L,1149517,1150647,1130,892,5,FBtr0077985,FBgn0031309,11,25
455,2L,1132481,1134073,1592,1592,1,FBtr0077986,FBgn0031305,69,32
456,2L,1115737,1128345,12608,743,4,FBtr0077987,FBgn0016926,17,17
457,2L,1115737,1117499,1762,510,3,FBtr0077988,FBgn0016926,11,14
458,2L,1103694,1108202,4508,4099,8,FBtr0077989,FBgn0261938,84,128
459,2L,1052041,1062146,10105,1787,4,FBtr0077993,FBgn0003310,53,34
460,2L,1052041,1062146,10105,1787,4,FBtr0077994,FBgn0003310,53,34
461,2L,1026279,1026785,506,506,1,FBtr0077997,FBgn0031295,30,17
462,2L,624644,625450,806,806,1,FBtr0077998,FBgn0040107,12,13
463,2L,625663,628140,2477,2477,1,FBtr0077999,FBgn0031273,53,26
464,2L,728508,730451,1943,1943,1,FBtr0078000,FBgn0011244,16,41
465,2L,753119,760910,7791,3905,10,FBtr0078001,FBgn0031275,71,107
466,2L,773595,773915,320,320,1,FBtr0078003,FBgn0031276,9,9
467,2L,776542,776838,296,296,1,FBtr0078004,FBgn0040725,14,10
468,2L,779204,779560,356,356,1,FBtr0078005,FBgn0031277,16,26
469,2L,781297,782821,1524,1337,4,FBtr0078006,FBgn0041250,13,25
470,2L,784421,786136,1715,1715,1,FBtr0078007,FBgn0031279,21,33
471,2L,810646,811429,783,608,4,FBtr0078008,FBgn0051658,11,11
472,2L,811636,813308,1672,1606,2,FBtr0078009,FBgn0086130,20,11
473,2L,816083,816973,890,890,1,FBtr0078010,FBgn0031282,8,9
474,2L,820079,820966,887,887,1,FBtr0078011,FBgn0015621,22,17
475,2L,821552,823773,2221,954,3,FBtr0078012,FBgn0031285,14,11
476,2L,829950,831920,1970,1225,5,FBtr0078013,FBgn0010583,22,31
477,2L,829536,831920,2384,1639,5,FBtr0078014,FBgn0010583,42,38
478,2L,829536,831920,2384,1639,5,FBtr0078015,FBgn0010583,42,38
479,2L,852936,854380,1444,990,3,FBtr0078016,FBgn0020545,25,28
480,2L,855550,856104,554,432,3,FBtr0078017,FBgn0031288,10,13
481,2L,860321,861693,1372,945,3,FBtr0078018,FBgn0031289,12,23
482,2L,877362,878170,808,709,2,FBtr0078023,FBgn0002936,14,24
483,2L,898732,901166,2434,2365,2,FBtr0078025,FBgn0002563,47,54
484,2L,868742,869776,1034,1034,1,FBtr0078030,FBgn0020305,13,13
485,2L,862169,864745,2576,2329,5,FBtr0078031,FBgn0029095,63,58
486,2L,862169,864745,2576,2329,5,FBtr0078032,FBgn0029095,63,58
487,2L,862169,864908,2739,2409,6,FBtr0078033,FBgn0029095,67,58
488,2L,851446,852629,1183,1010,4,FBtr0078034,FBgn0031287,19,25
489,2L,834548,837338,2790,1337,4,FBtr0078037,FBgn0020304,39,34
490,2L,824436,825797,1361,1361,1,FBtr0078038,FBgn0031286,25,25
491,2L,818510,819334,824,763,2,FBtr0078039,FBgn0031284,13,16
492,2L,817049,817898,849,787,2,FBtr0078040,FBgn0031283,21,11
493,2L,813460,815831,2371,2146,5,FBtr0078041,FBgn0031281,28,30
494,2L,786263,790629,4366,2299,5,FBtr0078042,FBgn0000442,34,56
495,2L,738077,740947,2870,1683,6,FBtr0078043,FBgn0026438,16,37
496,2L,640962,707766,66804,10657,11,FBtr0078045,FBgn0284247,146,230
497,2L,318028,345445,27417,3920,16,FBtr0078047,FBgn0004611,38,26
498,2L,318028,345445,27417,3920,16,FBtr0078048,FBgn0004611,38,26
499,2L,318028,345445,27417,3917,16,FBtr0078049,FBgn0004611,38,26
500,2L,318028,345445,27417,3938,16,FBtr0078050,FBgn0004611,38,26
501,2L,322131,322982,851,851,1,FBtr0078052,FBgn0053127,10,14
502,2L,384551,387267,2716,1220,4,FBtr0078053,FBgn0000061,32,13
503,2L,404384,407891,3507,3384,3,FBtr0078054,FBgn0003278,17,27
504,2L,415389,417631,2242,2097,3,FBtr0078055,FBgn0263933,24,28
505,2L,420075,420555,480,334,2,FBtr0078056,FBgn0002593,4,8
506,2L,421800,422432,632,577,2,FBtr0078057,FBgn0031254,9,8
507,2L,423452,425288,1836,1643,4,FBtr0078058,FBgn0031255,22,25
508,2L,438425,447246,8821,4276,5,FBtr0078059,FBgn0004583,56,62
509,2L,453262,454382,1120,1060,2,FBtr0078060,FBgn0031256,22,6
510,2L,455801,458387,2586,1994,7,FBtr0078061,FBgn0031257,45,26
511,2L,473113,475799,2686,2242,5,FBtr0078062,FBgn0027592,28,29
512,2L,524038,539953,15915,3565,8,FBtr0078063,FBgn0003963,79,75
513,2L,545192,546950,1758,1319,4,FBtr0078064,FBgn0031261,31,32
514,2L,559699,560312,613,553,2,FBtr0078066,FBgn0031263,16,17
515,2L,564227,566326,2099,2099,1,FBtr0078067,FBgn0031265,51,35
516,2L,568406,572647,4241,4017,3,FBtr0078068,FBgn0031266,55,99
517,2L,574641,575233,592,456,3,FBtr0078069,FBgn0031268,3,9
518,2L,577993,579247,1254,1068,3,FBtr0078070,FBgn0023489,24,23
519,2L,602871,603336,465,397,2,FBtr0078071,FBgn0031270,16,4
520,2L,573209,574135,926,926,1,FBtr0078074,FBgn0031267,10,11
521,2L,566429,568064,1635,1460,4,FBtr0078075,FBgn0021874,34,37
522,2L,560797,563181,2384,2384,1,FBtr0078076,FBgn0031264,92,71
523,2L,553940,558762,4822,4503,6,FBtr0078078,FBgn0260933,64,102
524,2L,547417,551857,4440,1422,3,FBtr0078079,FBgn0005660,61,45
525,2L,543244,544542,1298,1164,3,FBtr0078080,FBgn0031260,13,21
526,2L,541771,542247,476,476,1,FBtr0078081,FBgn0010602,12,14
527,2L,541771,542247,476,476,1,FBtr0078082,FBgn0010602,12,14
528,2L,476990,479475,2485,1282,2,FBtr0078083,FBgn0043364,14,20
529,2L,476990,478030,1040,1040,1,FBtr0078084,FBgn0043364,12,16
530,2L,449024,450794,1770,1469,4,FBtr0078087,FBgn0015924,11,9
531,2L,449024,450794,1770,1469,4,FBtr0078088,FBgn0015924,11,9
532,2L,420944,421366,422,422,1,FBtr0078089,FBgn0031253,9,6
533,2L,418560,419600,1040,1040,1,FBtr0078090,FBgn0031252,19,14
534,2L,396737,401663,4926,3754,5,FBtr0078093,FBgn0031251,72,45
535,2L,355921,357686,1765,1424,4,FBtr0078094,FBgn0031250,13,9
536,2L,355921,357686,1765,1424,4,FBtr0078095,FBgn0031250,13,9
537,2L,329994,332132,2138,2138,1,FBtr0078096,FBgn0051921,33,22
538,2L,320391,321221,830,830,1,FBtr0078098,FBgn0031249,10,18
539,2L,318421,319233,812,812,1,FBtr0078099,FBgn0031248,10,6
540,2L,67625,70892,3267,3017,4,FBtr0078100,FBgn0067779,21,8
541,2L,72603,76095,3492,1506,3,FBtr0078101,FBgn0031213,11,4
542,2L,94852,101915,7063,6180,12,FBtr0078103,FBgn0031216,38,23
543,2L,102459,103760,1301,1119,3,FBtr0078104,FBgn0031217,10,5
544,2L,132483,133679,1196,1196,1,FBtr0078114,FBgn0001142,11,10
545,2L,132483,133679,1196,1196,1,FBtr0078115,FBgn0001142,11,10
546,2L,143378,144091,713,713,1,FBtr0078116,FBgn0031224,17,7
547,2L,155572,155947,375,301,2,FBtr0078117,FBgn0031228,2,3
548,2L,155572,155947,375,301,2,FBtr0078118,FBgn0031228,2,3
549,2L,156241,157538,1297,1038,3,FBtr0078119,FBgn0031229,12,5
550,2L,162823,201411,38588,16589,10,FBtr0078121,FBgn0016977,142,70
551,2L,162823,201411,38588,16669,11,FBtr0078122,FBgn0016977,142,70
552,2L,183412,201411,17999,16418,10,FBtr0078123,FBgn0016977,140,66
553,2L,203870,204714,844,742,2,FBtr0078124,FBgn0031231,6,3
554,2L,207512,209855,2343,2142,3,FBtr0078125,FBgn0031233,22,15
555,2L,232572,233962,1390,1327,2,FBtr0078126,FBgn0031235,4,5
556,2L,269192,271311,2119,1995,3,FBtr0078127,FBgn0031240,9,17
557,2L,273986,274648,662,662,1,FBtr0078128,FBgn0086856,2,4
558,2L,277826,281511,3685,3102,6,FBtr0078129,FBgn0003444,19,23
559,2L,292569,292999,430,373,2,FBtr0078130,FBgn0031247,7,3
560,2L,295272,297046,1774,1466,4,FBtr0078131,FBgn0024352,13,13
561,2L,293625,294484,859,790,2,FBtr0078133,FBgn0017457,18,20
562,2L,287405,288919,1514,1514,1,FBtr0078134,FBgn0025686,19,10
563,2L,283889,286498,2609,732,3,FBtr0078135,FBgn0031245,7,4
564,2L,283889,285633,1744,741,3,FBtr0078136,FBgn0031245,7,5
565,2L,282175,283147,972,823,2,FBtr0078137,FBgn0031244,11,8
566,2L,271970,273634,1664,1615,2,FBtr0078139,FBgn0086912,34,14
567,2L,252666,254379,1713,1511,4,FBtr0078140,FBgn0031238,16,11
568,2L,252666,254379,1713,1511,4,FBtr0078141,FBgn0031238,16,11
569,2L,263785,266688,2903,2903,1,FBtr0078142,FBgn0031239,48,30
570,2L,251197,252317,1120,886,5,FBtr0078143,FBgn0283652,5,1
571,2L,212188,242287,30099,15949,17,FBtr0078144,FBgn0266557,187,117
572,2L,212188,221643,9455,6446,7,FBtr0078145,FBgn0266557,62,37
573,2L,205047,206044,997,879,3,FBtr0078146,FBgn0031232,8,10
574,2L,153680,155247,1567,1498,2,FBtr0078147,FBgn0031227,8,7
575,2L,123132,130551,7419,2089,8,FBtr0078153,FBgn0025683,20,11
576,2L,123132,128983,5851,2087,7,FBtr0078154,FBgn0025683,20,11
577,2L,123132,130551,7419,2089,8,FBtr0078155,FBgn0025683,20,11
578,2L,117334,120032,2698,2022,9,FBtr0078156,FBgn0031220,14,10
579,2L,117334,120032,2698,2022,9,FBtr0078157,FBgn0031220,14,10
580,2L,117334,120032,2698,2022,9,FBtr0078158,FBgn0031220,14,10
581,2L,117334,120032,2698,2022,9,FBtr0078159,FBgn0031220,14,10
582,2L,115716,116117,401,401,1,FBtr0078160,FBgn0031219,7,3
583,2L,26524,58150,31626,3105,12,FBtr0078163,FBgn0051973,34,16
584,2L,26524,58150,31626,5981,13,FBtr0078164,FBgn0051973,56,26
585,2L,11218,19944,8726,3451,8,FBtr0078166,FBgn0002121,21,8
586,2L,11218,15648,4430,3329,7,FBtr0078167,FBgn0002121,21,8
587,2L,11218,15648,4430,3329,7,FBtr0078168,FBgn0002121,21,8
588,2L,11218,15648,4430,3329,7,FBtr0078169,FBgn0002121,21,8
589,2L,11218,17136,5918,3475,8,FBtr0078170,FBgn0002121,21,8
590,2L,11218,17136,5918,3475,8,FBtr0078171,FBgn0002121,21,8
591,2L,4942852,4944231,1379,1129,5,FBtr0078990,FBgn0031650,19,23
592,2L,4945904,4947830,1926,1182,3,FBtr0078991,FBgn0015000,28,29
593,2L,4955583,4958220,2637,2258,7,FBtr0078992,FBgn0031655,42,55
594,2L,4969085,4970143,1058,997,2,FBtr0078994,FBgn0031657,15,19
595,2L,4971812,4973611,1799,1799,1,FBtr0078995,FBgn0031659,16,38
596,2L,4974137,4975213,1076,903,3,FBtr0078996,FBgn0031660,13,20
597,2L,4977598,4978415,817,754,2,FBtr0078997,FBgn0031662,11,12
598,2L,5011190,5011859,669,592,2,FBtr0079000,FBgn0031670,10,10
599,2L,5030218,5036734,6516,5329,8,FBtr0079001,FBgn0000299,109,100
600,2L,5030218,5036734,6516,5329,8,FBtr0079002,FBgn0000299,109,100
601,2L,5030218,5036734,6516,5329,8,FBtr0079003,FBgn0000299,109,100
602,2L,5039111,5040173,1062,900,3,FBtr0079004,FBgn0260470,14,14
603,2L,5039111,5040057,946,877,2,FBtr0079005,FBgn0260470,11,13
604,2L,5053084,5054375,1291,1161,3,FBtr0079009,FBgn0031676,13,15
605,2L,5055259,5055756,497,406,2,FBtr0079010,FBgn0014857,16,7
606,2L,5062743,5070300,7557,2157,6,FBtr0079012,FBgn0028572,63,49
607,2L,5064579,5070300,5721,1692,6,FBtr0079013,FBgn0028572,42,38
608,2L,5071155,5071752,597,273,3,FBtr0079016,FBgn0261608,8,12
609,2L,5071155,5071752,597,273,3,FBtr0079017,FBgn0261608,8,12
610,2L,5094106,5095188,1082,1082,1,FBtr0079018,FBgn0031682,17,34
611,2L,5096651,5098381,1730,964,5,FBtr0079019,FBgn0031683,14,18
612,2L,5099605,5100141,536,375,3,FBtr0079025,FBgn0031684,13,11
613,2L,5073886,5078988,5102,1882,8,FBtr0079026,FBgn0031681,29,38
614,2L,5058518,5059550,1032,922,2,FBtr0079027,FBgn0028694,12,18
615,2L,5056250,5058136,1886,1886,1,FBtr0079028,FBgn0031678,40,27
616,2L,5054674,5054952,278,278,1,FBtr0079029,FBgn0031677,3,2
617,2L,5051316,5052735,1419,1011,3,FBtr0079030,FBgn0022023,11,15
618,2L,5051316,5052735,1419,1011,3,FBtr0079031,FBgn0022023,11,15
619,2L,5048367,5050877,2510,1797,3,FBtr0079032,FBgn0031675,50,15
620,2L,5040885,5042713,1828,1023,3,FBtr0079033,FBgn0031673,23,10
621,2L,5040885,5042713,1828,1023,3,FBtr0079034,FBgn0031673,23,10
622,2L,5040885,5042713,1828,1023,3,FBtr0079035,FBgn0031673,23,10
623,2L,5012514,5027129,14615,5812,8,FBtr0079036,FBgn0016075,158,153
624,2L,5009980,5010432,452,452,1,FBtr0079037,FBgn0031668,12,6
625,2L,4994211,5009375,15164,1780,5,FBtr0079038,FBgn0053113,47,31
626,2L,4994211,5004689,10478,696,6,FBtr0079039,FBgn0053113,9,6
627,2L,4994211,5004689,10478,696,6,FBtr0079040,FBgn0053113,9,6
628,2L,4994211,4999306,5095,667,5,FBtr0079041,FBgn0053113,7,4
629,2L,4994211,4997189,2978,661,5,FBtr0079042,FBgn0053113,10,4
630,2L,4994211,4995391,1180,601,5,FBtr0079043,FBgn0053113,8,5
631,2L,4994211,4999306,5095,667,5,FBtr0079044,FBgn0053113,7,4
632,2L,4979687,4981174,1487,1487,1,FBtr0079045,FBgn0031664,33,15
633,2L,4979687,4981174,1487,1487,1,FBtr0079046,FBgn0031664,33,15
634,2L,4978569,4979268,699,570,3,FBtr0079048,FBgn0031663,13,9
635,2L,4975582,4976929,1347,1182,3,FBtr0079049,FBgn0031661,17,22
636,2L,4970215,4971296,1081,778,2,FBtr0079050,FBgn0010607,4,9
637,2L,4970215,4971296,1081,811,2,FBtr0079051,FBgn0010607,4,9
638,2L,4968010,4968825,815,751,2,FBtr0079052,FBgn0262467,8,13
639,2L,4966484,4967693,1209,975,3,FBtr0079053,FBgn0015834,7,16
640,2L,4952287,4953114,827,827,1,FBtr0079055,FBgn0031654,30,17
641,2L,4949975,4950748,773,773,1,FBtr0079056,FBgn0031653,13,15
642,2L,4948591,4949673,1082,955,2,FBtr0079057,FBgn0031652,23,17
643,2L,4944304,4945275,971,737,4,FBtr0079058,FBgn0031651,13,18
644,2L,5207308,5209216,1908,1497,6,FBtr0079061,FBgn0031688,20,37
645,2L,5210502,5212376,1874,1500,6,FBtr0079062,FBgn0031689,25,53
646,2L,5218351,5218952,601,444,3,FBtr0079063,FBgn0031692,8,5
647,2L,5264034,5265793,1759,1522,5,FBtr0079066,FBgn0031693,34,46
648,2L,5268546,5270298,1752,1522,5,FBtr0079068,FBgn0031695,48,46
649,2L,5279360,5282796,3436,3294,3,FBtr0079069,FBgn0031696,72,66
650,2L,5307780,5309717,1937,1828,2,FBtr0079070,FBgn0016076,68,53
651,2L,5306025,5309717,3692,2184,3,FBtr0079071,FBgn0016076,75,57
652,2L,5327507,5327804,297,229,2,FBtr0079072,FBgn0015031,4,4
653,2L,5329890,5330338,448,391,2,FBtr0079073,FBgn0031701,12,14
654,2L,5404880,5415891,11011,1974,6,FBtr0079076,FBgn0016660,69,55
655,2L,5339228,5342055,2827,1776,3,FBtr0079077,FBgn0031703,36,76
656,2L,5330871,5332414,1543,1355,4,FBtr0079078,FBgn0031702,24,49
657,2L,5330871,5332414,1543,1355,4,FBtr0079079,FBgn0031702,24,49
658,2L,5328078,5328633,555,300,3,FBtr0079080,FBgn0031700,1,6
659,2L,5312313,5313884,1571,1329,3,FBtr0079082,FBgn0031697,23,38
660,2L,5272681,5278189,5508,3266,7,FBtr0079084,FBgn0000228,62,80
661,2L,5272681,5277325,4644,3089,7,FBtr0079085,FBgn0000228,58,78
662,2L,5220096,5271323,51227,1685,4,FBtr0079086,FBgn0003716,32,42
663,2L,5220096,5244075,23979,1721,4,FBtr0079087,FBgn0003716,35,43
664,2L,5220096,5241468,21372,1590,3,FBtr0079088,FBgn0003716,30,41
665,2L,5220096,5236369,16273,1524,3,FBtr0079089,FBgn0003716,26,39
666,2L,5212492,5214586,2094,1520,7,FBtr0079092,FBgn0031690,13,38
667,2L,5461918,5466709,4791,1736,4,FBtr0079093,FBgn0261963,69,71
668,2L,5517842,5518819,977,977,1,FBtr0079094,FBgn0031707,13,34
669,2L,5520401,5521286,885,375,3,FBtr0079095,FBgn0000318,7,12
670,2L,5524410,5525720,1310,1310,1,FBtr0079096,FBgn0031711,6,23
671,2L,5525949,5535754,9805,3794,7,FBtr0079097,FBgn0051989,45,119
672,2L,5527075,5527797,722,722,1,FBtr0079098,FBgn0051648,16,28
673,2L,5528253,5530161,1908,1834,2,FBtr0079099,FBgn0051915,40,67
674,2L,5543332,5545505,2173,1863,3,FBtr0079100,FBgn0002525,51,42
675,2L,5547815,5549067,1252,815,4,FBtr0079101,FBgn0031717,5,12
676,2L,5547815,5549067,1252,815,4,FBtr0079102,FBgn0031717,5,12
677,2L,5552046,5552645,599,599,1,FBtr0079103,FBgn0031719,4,13
678,2L,5553978,5554753,775,712,2,FBtr0079104,FBgn0031721,12,22
679,2L,5555304,5558694,3390,2709,12,FBtr0079106,FBgn0004620,20,93
680,2L,5596939,5598396,1457,1457,1,FBtr0079109,FBgn0031724,31,27
681,2L,5668949,5670676,1727,1727,1,FBtr0079110,FBgn0031728,24,45
682,2L,5668949,5670676,1727,1727,1,FBtr0079111,FBgn0031728,24,45
683,2L,5668949,5670676,1727,1727,1,FBtr0079112,FBgn0031728,24,45
684,2L,5626924,5651916,24992,1806,12,FBtr0079114,FBgn0051646,34,40
685,2L,5587272,5588291,1019,961,2,FBtr0079117,FBgn0031723,21,13
686,2L,5579728,5580891,1163,1163,1,FBtr0079118,FBgn0031722,64,25
687,2L,5579728,5580891,1163,1163,1,FBtr0079119,FBgn0031722,64,25
688,2L,5579728,5580891,1163,1163,1,FBtr0079120,FBgn0031722,64,25
689,2L,5552940,5553715,775,721,2,FBtr0079121,FBgn0031720,5,14
690,2L,5539634,5541921,2287,1265,7,FBtr0079123,FBgn0014189,15,20
691,2L,5539634,5541921,2287,1265,7,FBtr0079124,FBgn0014189,15,20
692,2L,5539634,5541921,2287,1265,7,FBtr0079125,FBgn0014189,15,20
693,2L,5537463,5539110,1647,1445,4,FBtr0079126,FBgn0031716,46,58
694,2L,5535936,5536726,790,727,2,FBtr0079127,FBgn0031715,23,27
695,2L,5530717,5532147,1430,1430,1,FBtr0079128,FBgn0031713,35,63
696,2L,5521381,5523816,2435,1979,7,FBtr0079129,FBgn0031710,6,49
697,2L,5518989,5519812,823,705,3,FBtr0079130,FBgn0031708,15,17
698,2L,5721136,5723766,2630,2514,3,FBtr0079134,FBgn0024191,69,42
699,2L,5725220,5759807,34587,992,4,FBtr0079135,FBgn0031736,19,28
700,2L,5746277,5747617,1340,1340,1,FBtr0079136,FBgn0031735,17,42
701,2L,5784120,5784764,644,644,1,FBtr0079138,FBgn0051913,11,20
702,2L,5802405,5803840,1435,1375,2,FBtr0079139,FBgn0031740,44,44
703,2L,5886020,5886432,412,346,2,FBtr0079143,FBgn0031746,7,12
704,2L,5908345,5921239,12894,10450,17,FBtr0079144,FBgn0043362,128,372
705,2L,5926192,5938052,11860,2068,5,FBtr0079145,FBgn0015381,111,118
706,2L,5944110,5947887,3777,1073,7,FBtr0079146,FBgn0001128,17,32
707,2L,5944110,5948416,4306,1052,7,FBtr0079147,FBgn0001128,17,32
708,2L,5944110,5947333,3223,1044,6,FBtr0079148,FBgn0001128,17,32
709,2L,5955617,5956225,608,492,3,FBtr0079150,FBgn0031753,13,19
710,2L,5923217,5923471,254,254,1,FBtr0079151,FBgn0031751,22,8
711,2L,5923217,5923471,254,254,1,FBtr0079152,FBgn0031751,22,8
712,2L,5909051,5910244,1193,1193,1,FBtr0079153,FBgn0031749,22,26
713,2L,5903584,5904661,1077,946,2,FBtr0079154,FBgn0031747,37,48
714,2L,5893024,5893871,847,790,2,FBtr0079155,FBgn0002855,20,19
715,2L,5892507,5892837,330,268,2,FBtr0079156,FBgn0002856,3,8
716,2L,5892507,5892837,330,268,2,FBtr0079157,FBgn0002856,3,8
717,2L,5860183,5861607,1424,1287,3,FBtr0079158,FBgn0031745,31,52
718,2L,5818051,5818385,334,259,2,FBtr0079159,FBgn0051644,5,7
719,2L,5800873,5801886,1013,949,2,FBtr0079160,FBgn0031739,37,28
720,2L,5763601,5766015,2414,724,2,FBtr0079163,FBgn0031737,26,36
721,2L,5762677,5766015,3338,745,2,FBtr0079164,FBgn0031737,25,30
722,2L,5734132,5736924,2792,2124,9,FBtr0079165,FBgn0031734,29,69
723,2L,5734132,5736924,2792,2124,9,FBtr0079166,FBgn0031734,29,69
724,2L,5727466,5728752,1286,1286,1,FBtr0079167,FBgn0031733,34,13
725,2L,5718404,5719962,1558,1477,2,FBtr0079168,FBgn0031732,24,30
726,2L,5718404,5719962,1558,1477,2,FBtr0079169,FBgn0031732,24,30
727,2L,5957066,5957569,503,503,1,FBtr0079171,FBgn0003980,32,23
728,2L,5968683,5969687,1004,1004,1,FBtr0079172,FBgn0031757,25,24
729,2L,5969902,5970981,1079,1009,2,FBtr0079173,FBgn0031758,35,36
730,2L,5969902,5970567,665,665,1,FBtr0079174,FBgn0031758,26,25
731,2L,5981834,5985167,3333,1204,5,FBtr0079175,FBgn0001942,17,12
732,2L,5981834,5985167,3333,1204,5,FBtr0079176,FBgn0001942,17,12
733,2L,5982820,5985167,2347,1204,5,FBtr0079177,FBgn0001942,17,12
734,2L,5982820,5985167,2347,1204,5,FBtr0079178,FBgn0001942,17,12
735,2L,5986495,5988180,1685,961,2,FBtr0079179,FBgn0001941,18,16
736,2L,6020850,6021669,819,766,2,FBtr0079181,FBgn0031763,23,34
737,2L,6038203,6041128,2925,2692,5,FBtr0079182,FBgn0051643,32,64
738,2L,6048877,6050345,1468,884,4,FBtr0079183,FBgn0031768,18,19
739,2L,6048877,6050345,1468,884,4,FBtr0079184,FBgn0031768,18,19
740,2L,6051678,6053255,1577,1458,3,FBtr0079185,FBgn0031769,19,33
741,2L,6051678,6053255,1577,1458,3,FBtr0079186,FBgn0031769,19,33
742,2L,6057054,6059007,1953,1631,4,FBtr0079187,FBgn0031770,42,65
743,2L,6063023,6063563,540,487,2,FBtr0079188,FBgn0031772,18,10
744,2L,6066278,6067559,1281,1170,3,FBtr0079189,FBgn0031774,38,34
745,2L,6066278,6067559,1281,1170,3,FBtr0079190,FBgn0031774,38,34
746,2L,6069221,6069763,542,375,3,FBtr0079191,FBgn0031776,1,1
747,2L,6072456,6073459,1003,824,4,FBtr0079192,FBgn0266449,13,16
748,2L,6101771,6123061,21290,765,6,FBtr0079196,FBgn0266521,10,14
749,2L,6110146,6123061,12915,899,7,FBtr0079197,FBgn0266521,10,18
750,2L,6110146,6123061,12915,744,6,FBtr0079198,FBgn0266521,9,18
751,2L,6118758,6120428,1670,1670,1,FBtr0079199,FBgn0051642,54,45
752,2L,6125249,6125752,503,503,1,FBtr0079200,FBgn0284255,19,20
753,2L,6131187,6132369,1182,1007,4,FBtr0079201,FBgn0031784,5,30
754,2L,6139549,6144849,5300,5300,1,FBtr0079202,FBgn0031785,89,202
755,2L,6152048,6153523,1475,1411,2,FBtr0079203,FBgn0040950,25,12
756,2L,6160532,6160936,404,404,1,FBtr0079204,FBgn0031786,17,5
757,2L,6154702,6154875,173,173,1,FBtr0079207,FBgn0051639,2,1
758,2L,6154702,6154875,173,173,1,FBtr0079208,FBgn0051639,2,1
759,2L,6097171,6098696,1525,1331,4,FBtr0079211,FBgn0031779,48,42
760,2L,6097171,6098696,1525,1331,4,FBtr0079212,FBgn0031779,48,42
761,2L,6069811,6070589,778,666,3,FBtr0079213,FBgn0031777,20,12
762,2L,6063691,6065765,2074,1965,3,FBtr0079215,FBgn0031773,31,29
763,2L,6060940,6062687,1747,1418,4,FBtr0079216,FBgn0031771,18,23
764,2L,6047056,6047700,644,644,1,FBtr0079217,FBgn0029161,27,11
765,2L,6047056,6047700,644,644,1,FBtr0079218,FBgn0029161,27,11
766,2L,6041317,6045517,4200,4059,3,FBtr0079219,FBgn0000052,110,119
767,2L,6041317,6045517,4200,4059,3,FBtr0079220,FBgn0000052,110,119
768,2L,6041317,6045517,4200,4059,3,FBtr0079221,FBgn0000052,110,119
769,2L,6037132,6037815,683,683,1,FBtr0079222,FBgn0031766,23,8
770,2L,6034900,6036811,1911,1855,2,FBtr0079223,FBgn0025742,33,54
771,2L,6031307,6034323,3016,1599,6,FBtr0079224,FBgn0031765,66,46
772,2L,6023612,6024464,852,796,2,FBtr0079225,FBgn0031764,35,28
773,2L,6023612,6024464,852,796,2,FBtr0079226,FBgn0031764,35,28
774,2L,6013258,6019193,5935,1251,3,FBtr0079227,FBgn0001170,62,55
775,2L,6007911,6012236,4325,2823,9,FBtr0079228,FBgn0031762,80,127
776,2L,6007911,6010606,2695,2254,5,FBtr0079229,FBgn0031762,69,107
777,2L,6003765,6006689,2924,2010,6,FBtr0079230,FBgn0001089,33,57
778,2L,5990645,5996490,5845,5510,4,FBtr0079231,FBgn0031759,61,87
779,2L,5990645,5996490,5845,5510,4,FBtr0079232,FBgn0031759,61,87
780,2L,5973580,5979522,5942,375,3,FBtr0079233,FBgn0000308,5,3
781,2L,5973580,5979522,5942,375,3,FBtr0079234,FBgn0000308,5,3
782,2L,5973580,5979522,5942,375,3,FBtr0079235,FBgn0000308,5,3
783,2L,5973580,5979522,5942,375,3,FBtr0079236,FBgn0000308,5,3
784,2L,5965522,5967498,1976,1976,1,FBtr0079237,FBgn0031756,74,60
785,2L,5963141,5964283,1142,1142,1,FBtr0079238,FBgn0086265,38,37
786,2L,5959837,5960259,422,422,1,FBtr0079239,FBgn0003979,19,14
787,2L,5958049,5958591,542,542,1,FBtr0079240,FBgn0086266,24,29
788,2L,5956515,5956805,290,290,1,FBtr0079241,FBgn0040949,15,5
789,2L,6225079,6226744,1665,1609,2,FBtr0079242,FBgn0026755,32,45
790,2L,6255876,6256523,647,647,1,FBtr0079243,FBgn0031791,21,32
791,2L,6308867,6309166,299,299,1,FBtr0079247,FBgn0260452,8,4
792,2L,6325268,6330640,5372,4714,5,FBtr0079249,FBgn0265778,75,153
793,2L,6342174,6345884,3710,2031,6,FBtr0079250,FBgn0015623,28,55
794,2L,6343810,6345884,2074,1645,5,FBtr0079251,FBgn0015623,20,40
795,2L,6368141,6370096,1955,1955,1,FBtr0079253,FBgn0031805,44,76
796,2L,6381298,6383349,2051,2051,1,FBtr0079255,FBgn0031808,55,57
797,2L,6412704,6414068,1364,984,3,FBtr0079256,FBgn0031811,41,40
798,2L,6424526,6426119,1593,1473,3,FBtr0079257,FBgn0263278,14,55
799,2L,6456471,6458582,2111,1461,6,FBtr0079258,FBgn0031815,33,51
800,2L,6456471,6458582,2111,1461,6,FBtr0079259,FBgn0031815,33,51
801,2L,6481200,6487106,5906,4973,4,FBtr0079260,FBgn0031820,250,122
802,2L,6489191,6490108,917,917,1,FBtr0079261,FBgn0027496,24,34
803,2L,6491235,6496062,4827,2103,9,FBtr0079262,FBgn0051638,29,73
804,2L,6493064,6494438,1374,1255,2,FBtr0079263,FBgn0031824,25,52
805,2L,6490219,6490757,538,329,4,FBtr0079264,FBgn0031822,2,8
806,2L,6487600,6488551,951,898,2,FBtr0079265,FBgn0031821,10,13
807,2L,6477637,6480330,2693,1424,4,FBtr0079266,FBgn0086357,9,29
808,2L,6474802,6476745,1943,1347,3,FBtr0079267,FBgn0031818,43,46
809,2L,6468848,6473691,4843,1557,3,FBtr0079268,FBgn0259749,28,49
810,2L,6468848,6471664,2816,1447,2,FBtr0079269,FBgn0259749,27,46
811,2L,6466527,6467608,1081,966,3,FBtr0079270,FBgn0031817,25,21
812,2L,6459531,6463843,4312,1294,5,FBtr0079271,FBgn0031816,43,31
813,2L,6449855,6455597,5742,1971,6,FBtr0079272,FBgn0031814,42,85
814,2L,6415439,6422509,7070,6559,5,FBtr0079275,FBgn0011722,127,265
815,2L,6357254,6358235,981,812,4,FBtr0079280,FBgn0031804,36,18
816,2L,6352327,6354331,2004,1714,5,FBtr0079281,FBgn0031802,60,72
817,2L,6349562,6350961,1399,1269,3,FBtr0079282,FBgn0031801,15,34
818,2L,6346677,6348151,1474,1248,3,FBtr0079283,FBgn0031800,23,41
819,2L,6333296,6338142,4846,3749,7,FBtr0079284,FBgn0031799,61,105
820,2L,6263638,6264453,815,757,2,FBtr0079285,FBgn0031792,24,32
821,2L,6497134,6498338,1204,1086,3,FBtr0079286,FBgn0031826,24,34
822,2L,6498876,6526011,27135,1454,4,FBtr0079287,FBgn0051637,51,36
823,2L,6557903,6559042,1139,357,3,FBtr0079288,FBgn0031830,2,5
824,2L,6559531,6560048,517,460,2,FBtr0079289,FBgn0031831,4,7
825,2L,6562697,6564070,1373,1373,1,FBtr0079290,FBgn0263916,28,34
826,2L,6612566,6616510,3944,1160,4,FBtr0079291,FBgn0031836,29,25
827,2L,6612566,6616510,3944,1160,4,FBtr0079292,FBgn0031836,29,25
828,2L,6612566,6616510,3944,1160,4,FBtr0079293,FBgn0031836,29,25
829,2L,6649533,6654330,4797,4283,7,FBtr0079295,FBgn0031842,73,44
830,2L,6658592,6661696,3104,2976,3,FBtr0079297,FBgn0028467,37,21
831,2L,6717711,6719236,1525,1462,2,FBtr0079299,FBgn0031851,45,36
832,2L,6724848,6730685,5837,3589,14,FBtr0079300,FBgn0046704,66,97
833,2L,6724848,6730685,5837,3589,14,FBtr0079301,FBgn0046704,66,97
834,2L,6743017,6755294,12277,1366,2,FBtr0079303,FBgn0031855,34,66
835,2L,6744702,6745542,840,784,2,FBtr0079304,FBgn0051910,16,18
836,2L,6736452,6740176,3724,2972,4,FBtr0079305,FBgn0031854,92,131
837,2L,6721027,6723197,2170,1176,6,FBtr0079306,FBgn0025777,17,26
838,2L,6721027,6722810,1783,1185,6,FBtr0079307,FBgn0025777,17,26
839,2L,6712346,6714691,2345,1324,5,FBtr0079308,FBgn0025595,33,47
840,2L,6712346,6714691,2345,1324,5,FBtr0079309,FBgn0025595,33,47
841,2L,6711706,6714691,2985,1359,6,FBtr0079310,FBgn0025595,34,48
842,2L,6690054,6701834,11780,1248,9,FBtr0079311,FBgn0031850,19,36
843,2L,6686928,6701834,14906,3168,12,FBtr0079312,FBgn0031850,51,80
844,2L,6690054,6701834,11780,1248,9,FBtr0079313,FBgn0031850,19,36
845,2L,6690054,6701834,11780,1248,9,FBtr0079314,FBgn0031850,19,36
846,2L,6685070,6686494,1424,1424,1,FBtr0079315,FBgn0031849,26,7
847,2L,6676844,6677548,704,704,1,FBtr0079319,FBgn0031848,16,11
848,2L,6674803,6676550,1747,1443,6,FBtr0079320,FBgn0000351,12,26
849,2L,6671835,6673175,1340,1340,1,FBtr0079321,FBgn0028990,20,22
850,2L,6666354,6667689,1335,1046,4,FBtr0079322,FBgn0263200,12,12
851,2L,6662100,6663577,1477,1350,3,FBtr0079323,FBgn0031844,23,11
852,2L,6656673,6657738,1065,936,3,FBtr0079324,FBgn0051636,13,9
853,2L,6654900,6656233,1333,1221,3,FBtr0079325,FBgn0051633,28,12
854,2L,6635651,6646668,11017,4749,6,FBtr0079326,FBgn0051635,85,58
855,2L,6625391,6632318,6927,2069,7,FBtr0079327,FBgn0051634,48,65
856,2L,6565173,6566117,944,944,1,FBtr0079330,FBgn0031834,12,32
857,2L,6560176,6561567,1391,1330,2,FBtr0079332,FBgn0031832,23,31
858,2L,6555814,6557359,1545,1227,3,FBtr0079333,FBgn0031829,14,37
859,2L,6528013,6546502,18489,2275,5,FBtr0079334,FBgn0000320,106,81
860,2L,6528013,6535900,7887,2293,5,FBtr0079335,FBgn0000320,105,82
861,2L,6774693,6777730,3037,1824,6,FBtr0079336,FBgn0031858,44,65
862,2L,6775783,6777730,1947,1678,5,FBtr0079337,FBgn0031858,43,62
863,2L,6803052,6804255,1203,1019,4,FBtr0079339,FBgn0031860,30,53
864,2L,6822600,6838155,15555,2233,5,FBtr0079341,FBgn0051632,118,110
865,2L,6852422,6853654,1232,1232,1,FBtr0079342,FBgn0017551,22,39
866,2L,6854246,6860769,6523,6284,4,FBtr0079343,FBgn0086451,143,204
867,2L,6897428,6905989,8561,3732,12,FBtr0079344,FBgn0031866,90,115
868,2L,6908166,6910889,2723,2723,1,FBtr0079345,FBgn0031868,27,61
869,2L,6923906,6925452,1546,1261,2,FBtr0079346,FBgn0004838,32,17
870,2L,6923906,6925452,1546,1261,2,FBtr0079347,FBgn0004838,32,17
871,2L,6923906,6925452,1546,1261,2,FBtr0079348,FBgn0004838,32,17
872,2L,6950539,6954451,3912,3371,10,FBtr0079349,FBgn0020616,14,68
873,2L,6957098,6959036,1938,1812,3,FBtr0079350,FBgn0031875,25,38
874,2L,6960443,6961470,1027,967,2,FBtr0079351,FBgn0031877,27,30
875,2L,6964519,6965688,1169,1169,1,FBtr0079352,FBgn0021944,29,30
876,2L,6970119,6971462,1343,1343,1,FBtr0079355,FBgn0016978,68,38
877,2L,6967031,6967300,269,269,1,FBtr0079356,FBgn0264922,0,1
878,2L,6961594,6963532,1938,1873,2,FBtr0079357,FBgn0031878,30,35
879,2L,6961594,6963817,2223,1968,3,FBtr0079358,FBgn0031878,31,36
880,2L,6961594,6963655,2061,1917,3,FBtr0079359,FBgn0031878,30,35
881,2L,6961594,6963532,1938,1873,2,FBtr0079360,FBgn0031878,30,35
882,2L,6961594,6963532,1938,1873,2,FBtr0079361,FBgn0031878,30,35
883,2L,6959186,6960253,1067,1067,1,FBtr0079362,FBgn0031876,20,23
884,2L,6954588,6956872,2284,1830,3,FBtr0079363,FBgn0031874,34,38
885,2L,6949378,6950116,738,679,2,FBtr0079364,FBgn0031873,3,13
886,2L,6945756,6948413,2657,2657,1,FBtr0079365,FBgn0031872,64,63
887,2L,6944052,6944996,944,944,1,FBtr0079366,FBgn0031871,25,25
888,2L,6932688,6940918,8230,5670,15,FBtr0079367,FBgn0031869,111,192
889,2L,6915046,6919942,4896,772,2,FBtr0079368,FBgn0028554,37,33
890,2L,6916901,6918611,1710,1531,2,FBtr0079369,FBgn0026196,32,28
891,2L,6915686,6916387,701,701,1,FBtr0079370,FBgn0052829,11,10
892,2L,6911704,6913927,2223,1822,5,FBtr0079371,FBgn0011737,25,36
893,2L,6906921,6907777,856,757,2,FBtr0079372,FBgn0042092,12,28
894,2L,6861037,6864340,3303,2119,5,FBtr0079373,FBgn0031865,59,72
895,2L,6861037,6864427,3390,2139,6,FBtr0079374,FBgn0031865,61,72
896,2L,6802251,6802637,386,322,2,FBtr0079377,FBgn0031859,28,15
897,2L,6800212,6800681,469,133,2,FBtr0079379,FBgn0042189,0,1
898,2L,6800104,6800681,577,199,2,FBtr0079380,FBgn0042189,1,3
899,2L,6790642,6796481,5839,963,6,FBtr0079381,FBgn0015777,11,27
900,2L,6790642,6793369,2727,960,6,FBtr0079382,FBgn0015777,14,24
901,2L,6790642,6793369,2727,960,6,FBtr0079383,FBgn0015777,14,24
902,2L,6779376,6786414,7038,923,4,FBtr0079384,FBgn0015776,8,21
903,2L,7021715,7022337,622,550,2,FBtr0079388,FBgn0003046,10,24
904,2L,7027811,7028896,1085,893,4,FBtr0079389,FBgn0031881,17,24
905,2L,7057407,7061718,4311,2285,4,FBtr0079401,FBgn0031885,75,72
906,2L,7057407,7059252,1845,1587,3,FBtr0079402,FBgn0031885,56,52
907,2L,7064086,7064377,291,235,2,FBtr0079403,FBgn0266666,4,4
908,2L,7182347,7185289,2942,1564,8,FBtr0079405,FBgn0031893,19,54
909,2L,7220536,7222980,2444,2231,4,FBtr0079413,FBgn0263133,27,84
910,2L,7218911,7219111,200,200,1,FBtr0079414,FBgn0031897,4,8
911,2L,7195559,7196674,1115,914,4,FBtr0079416,FBgn0031896,19,21
912,2L,7195559,7196674,1115,914,4,FBtr0079417,FBgn0031896,19,21
913,2L,7191405,7193363,1958,1516,2,FBtr0079418,FBgn0031895,48,53
914,2L,7185832,7187636,1804,1738,2,FBtr0079419,FBgn0031894,31,62
915,2L,7070164,7083623,13459,1211,4,FBtr0079423,FBgn0031888,18,36
916,2L,7064464,7065765,1301,1182,3,FBtr0079424,FBgn0031886,26,44
917,2L,7059438,7060709,1271,1271,1,FBtr0079425,FBgn0051907,18,15
918,2L,7031437,7032105,668,668,1,FBtr0079426,FBgn0031882,22,11
919,2L,7031437,7032105,668,668,1,FBtr0079427,FBgn0031882,22,11
920,2L,7031437,7032105,668,668,1,FBtr0079428,FBgn0031882,22,11
921,2L,7025176,7026777,1601,1173,3,FBtr0079429,FBgn0051908,52,37
922,2L,7025176,7026777,1601,1173,3,FBtr0079430,FBgn0051908,52,37
923,2L,7015089,7023705,8616,4052,7,FBtr0079431,FBgn0000053,117,166
924,2L,7307592,7315183,7591,1399,5,FBtr0079432,FBgn0284084,32,32
925,2L,7378401,7384184,5783,4490,13,FBtr0079436,FBgn0002938,50,178
926,2L,7378401,7382336,3935,3396,9,FBtr0079437,FBgn0002938,36,135
927,2L,7388676,7390825,2149,2004,3,FBtr0079438,FBgn0031905,14,64
928,2L,7403297,7404361,1064,816,3,FBtr0079439,FBgn0031907,9,28
929,2L,7403297,7404361,1064,816,3,FBtr0079440,FBgn0031907,9,28
930,2L,7405318,7408396,3078,824,4,FBtr0079441,FBgn0031908,3,16
931,2L,7410955,7411803,848,848,1,FBtr0079442,FBgn0031910,8,25
932,2L,7412507,7421957,9450,2425,8,FBtr0079443,FBgn0028387,36,73
933,2L,7427201,7429869,2668,1529,7,FBtr0079444,FBgn0283658,28,53
934,2L,7428159,7429869,1710,1257,6,FBtr0079445,FBgn0283658,23,47
935,2L,7443646,7444970,1324,926,7,FBtr0079446,FBgn0031914,9,24
936,2L,7443646,7444970,1324,926,7,FBtr0079447,FBgn0031914,9,24
937,2L,7443646,7444970,1324,926,7,FBtr0079448,FBgn0031914,9,24
938,2L,7471546,7472202,656,656,1,FBtr0079449,FBgn0031918,10,19
939,2L,7474907,7476836,1929,1670,4,FBtr0079451,FBgn0031920,17,25
940,2L,7496901,7497329,428,428,1,FBtr0079455,FBgn0011283,13,5
941,2L,7455011,7462247,7236,1353,3,FBtr0079458,FBgn0045495,24,39
942,2L,7455011,7460571,5560,1326,3,FBtr0079459,FBgn0045495,8,47
943,2L,7455011,7458754,3743,1407,3,FBtr0079460,FBgn0045495,25,45
944,2L,7455011,7457371,2360,1317,3,FBtr0079461,FBgn0045495,18,45
945,2L,7455011,7456477,1466,1338,3,FBtr0079462,FBgn0045495,26,54
946,2L,7452544,7454169,1625,1347,3,FBtr0079463,FBgn0041247,12,59
947,2L,7445632,7447647,2015,1685,4,FBtr0079464,FBgn0025697,23,47
948,2L,7430676,7433176,2500,879,3,FBtr0079466,FBgn0031913,15,41
949,2L,7409030,7409704,674,610,2,FBtr0079467,FBgn0031909,22,25
950,2L,7391078,7392382,1304,979,5,FBtr0079468,FBgn0031906,10,29
951,2L,7384890,7388103,3213,1337,7,FBtr0079469,FBgn0031904,7,36
952,2L,7581935,7583230,1295,1130,4,FBtr0079470,FBgn0083141,23,28
953,2L,7605682,7607495,1813,1528,5,FBtr0079471,FBgn0031925,26,65
954,2L,7613405,7616323,2918,2356,5,FBtr0079472,FBgn0031926,72,88
955,2L,7666077,7689412,23335,6356,10,FBtr0079473,FBgn0040299,113,190
956,2L,7666077,7683902,17825,3097,5,FBtr0079474,FBgn0040299,38,81
957,2L,7678897,7689412,10515,6353,10,FBtr0079475,FBgn0040299,113,190
958,2L,7678897,7683902,5005,3094,5,FBtr0079476,FBgn0040299,38,81
959,2L,7703147,7710511,7364,4392,15,FBtr0079477,FBgn0041181,82,147
960,2L,7711026,7713838,2812,1761,9,FBtr0079478,FBgn0267326,12,36
961,2L,7711568,7713838,2270,1617,9,FBtr0079479,FBgn0267326,12,33
962,2L,7747381,7747754,373,319,2,FBtr0079481,FBgn0031941,8,16
963,2L,7771320,7774393,3073,851,4,FBtr0079485,FBgn0031945,25,25
964,2L,7780118,7781242,1124,1054,2,FBtr0079486,FBgn0003961,9,43
965,2L,7781635,7782537,902,841,2,FBtr0079487,FBgn0031946,23,22
966,2L,7782991,7785936,2945,2579,4,FBtr0079488,FBgn0031947,30,75
967,2L,7800503,7801508,1005,931,2,FBtr0079489,FBgn0031951,35,10
968,2L,7814948,7820387,5439,5362,2,FBtr0079490,FBgn0261800,52,159
969,2L,7814948,7820387,5439,5362,2,FBtr0079491,FBgn0261800,52,159
970,2L,7802490,7807044,4554,3150,6,FBtr0079492,FBgn0031952,83,78
971,2L,7796933,7799512,2579,1391,4,FBtr0079493,FBgn0031950,45,33
972,2L,7791761,7795834,4073,2776,8,FBtr0079495,FBgn0286198,28,88
973,2L,7786903,7790078,3175,1237,8,FBtr0079496,FBgn0031948,7,23
974,2L,7744211,7744753,542,424,2,FBtr0079499,FBgn0031940,16,11
975,2L,7740959,7741481,522,403,2,FBtr0079500,FBgn0014454,27,20
976,2L,7734667,7736698,2031,1205,4,FBtr0079501,FBgn0260479,46,29
977,2L,7734667,7736698,2031,1205,4,FBtr0079502,FBgn0260479,46,29
978,2L,7727500,7730558,3058,1913,10,FBtr0079503,FBgn0031939,33,50
979,2L,7727500,7730558,3058,1913,10,FBtr0079504,FBgn0031939,33,50
980,2L,7727500,7730558,3058,1913,10,FBtr0079505,FBgn0031939,33,50
981,2L,7719911,7722645,2734,1776,9,FBtr0079507,FBgn0031936,34,38
982,2L,7693911,7701421,7510,4252,8,FBtr0079510,FBgn0041182,102,98
983,2L,7693911,7701421,7510,4189,8,FBtr0079511,FBgn0041182,98,96
984,2L,7693911,7701421,7510,4216,8,FBtr0079513,FBgn0041182,105,96
985,2L,7691158,7692669,1511,1282,5,FBtr0079515,FBgn0031930,22,34
986,2L,7689450,7691043,1593,1261,5,FBtr0079516,FBgn0031929,23,33
987,2L,7822724,7824880,2156,1567,5,FBtr0079523,FBgn0027515,29,49
988,2L,7822724,7824880,2156,1567,5,FBtr0079524,FBgn0027515,29,49
989,2L,7828052,7831803,3751,923,4,FBtr0079525,FBgn0004177,9,17
990,2L,7840539,7841147,608,608,1,FBtr0079526,FBgn0031954,8,17
991,2L,7985675,7986702,1027,897,3,FBtr0079531,FBgn0031968,26,30
992,2L,7999113,7999547,434,352,2,FBtr0079532,FBgn0031971,19,18
993,2L,8011745,8026769,15024,2325,3,FBtr0079533,FBgn0031975,50,94
994,2L,8012989,8026769,13780,2301,3,FBtr0079534,FBgn0031975,53,94
995,2L,8029608,8029959,351,268,2,FBtr0079535,FBgn0031977,1,3
996,2L,8032258,8038198,5940,2186,4,FBtr0079536,FBgn0044323,65,65
997,2L,8032258,8038198,5940,2186,4,FBtr0079537,FBgn0044323,65,65
998,2L,8032258,8038198,5940,2186,4,FBtr0079538,FBgn0044323,65,65